ID,1,2,3,4,5,6,7,8,9,10,11,12,13,14,15,16,17,18,19,20,21,22,23,24,Sum,1,2,3,4,5,6,7,8,9,10,11,12,13,14,15,16,17,18,19,20,21,22,23,24,25,Sum,1,2,3,4,5,6,7,8,9,10,11,12,13,14,15,Sum
31,0,1,2,1,1,1,0,0,4,5,4,4,0,4,4,4,4,2,4,0,3,1,3,4,56,0,4,1,0,1,0,3,0,1,1,1,1,1,1,0,0,1,0,3,3,0,0,0,0,0,22,0,0,3,0,0,0,1,0,1,0,0,0,1,0,0,6
32,0,1,2,1,0,1,0,0,3,4,3,4,0,4,4,4,2,2,2,0,3,0,3,6,49,0,6,1,0,1,0,2,0,0,0,1,0,0,1,1,0,0,0,2,2,0,0,0,0,0,17,0,0,8,1,1,0,1,0,1,0,0,0,1,0,0,13
33,0,1,4,1,1,1,0,0,4,4,4,4,0,4,3,4,2,2,3,0,3,0,3,4,52,0,3,1,1,0,0,3,0,0,1,1,0,0,0,0,0,0,0,2,2,0,0,0,0,0,14,0,0,4,1,2,0,1,0,1,0,0,1,1,1,0,12
34,0,1,4,1,1,1,0,0,4,4,4,4,0,4,4,4,2,2,2,0,3,0,3,8,56,0,0,1,0,1,0,1,0,0,0,1,1,0,0,0,0,0,0,3,3,0,0,0,0,0,11,0,0,2,0,1,1,1,0,1,0,0,0,1,0,0,7
35,0,1,3,1,1,1,0,0,5,4,4,4,0,4,4,4,2,3,3,0,3,0,3,8,58,0,5,1,1,1,0,3,0,1,0,1,1,1,1,0,0,0,0,3,2,0,0,0,1,1,23,0,0,5,1,1,0,0,0,1,0,0,1,1,1,0,11
36,1,1,2,0,0,0,0,0,4,5,5,5,0,5,5,4,2,3,2,0,3,1,4,4,56,0,4,1,0,1,0,2,1,0,0,0,1,0,0,1,1,0,1,3,3,0,0,0,1,1,21,1,0,4,1,1,1,1,0,1,0,0,0,1,1,0,12
37,0,1,2,1,1,1,0,0,5,4,4,4,0,4,4,4,2,2,3,0,3,0,3,4,52,0,4,1,1,1,0,2,1,1,1,1,0,0,0,1,0,0,1,2,2,0,0,0,0,0,19,0,0,4,1,1,0,0,1,1,0,0,0,1,1,0,10
38,0,0,2,0,1,0,0,0,4,4,4,3,0,3,3,3,1,2,1,0,3,1,3,3,41,0,0,0,0,0,0,0,0,0,0,1,0,0,0,0,0,0,0,2,2,0,0,0,0,0,5,0,0,0,0,0,1,1,0,1,0,0,0,0,0,0,3
39,0,1,3,1,1,1,0,0,4,5,5,4,0,4,4,4,2,2,3,0,3,1,3,4,55,0,1,1,0,0,0,2,0,0,0,1,0,0,0,0,0,0,0,2,2,0,0,0,0,0,9,0,0,2,1,2,1,0,0,1,0,0,1,1,0,0,9
40,0,1,3,1,1,1,0,0,4,5,5,4,0,4,4,4,2,2,3,0,3,1,3,4,55,0,1,1,0,0,0,2,0,0,0,1,0,0,0,0,0,0,0,2,2,0,0,0,0,0,9,0,0,2,1,2,1,0,0,1,0,0,1,1,0,0,9
41,0,1,3,1,1,1,0,0,4,5,5,4,0,4,4,4,2,2,3,0,3,1,3,4,55,0,1,1,0,0,0,2,0,0,0,1,0,0,0,0,0,0,0,2,2,0,0,0,0,0,9,0,0,2,1,2,1,0,0,1,0,0,1,1,0,0,9
42,0,0,5,1,1,0,0,0,3,4,4,4,0,4,4,4,1,1,2,0,3,0,3,6,50,0,0,1,0,1,0,2,0,0,0,0,0,0,0,0,0,0,0,2,2,0,0,0,0,0,8,0,0,0,1,1,0,1,1,1,0,0,0,1,1,0,7
43,0,0,3,0,1,1,0,0,4,5,5,4,0,5,5,4,2,3,3,0,3,0,3,4,55,0,2,1,1,0,0,2,1,0,1,1,0,0,0,0,0,0,0,3,2,0,0,0,1,0,15,0,0,2,1,1,0,1,1,1,0,0,0,1,1,0,9
44,0,1,5,0,1,1,0,0,4,4,4,4,0,4,4,4,2,2,1,0,3,1,3,5,53,0,3,1,1,1,0,2,1,1,1,0,0,0,0,0,0,0,0,2,2,0,0,0,1,1,17,0,0,5,1,1,1,1,0,1,0,0,1,1,1,0,13
45,0,1,3,1,1,1,0,0,4,4,4,3,0,4,4,4,2,2,2,0,3,0,3,3,49,0,3,1,0,1,0,2,0,0,0,1,0,0,0,0,1,1,0,2,2,0,0,0,0,0,14,1,0,5,0,1,1,1,0,1,0,0,0,1,0,0,11
46,0,1,1,1,1,1,0,0,4,4,4,4,0,4,4,4,2,2,2,0,3,0,4,6,52,0,6,1,1,0,0,3,0,0,0,1,0,0,1,1,1,0,0,2,2,0,0,0,1,1,21,0,0,7,1,2,1,1,1,1,0,0,0,0,0,0,14
47,0,1,3,1,1,0,0,0,5,4,4,4,0,4,4,4,2,2,3,0,3,1,3,8,57,0,4,1,1,1,0,3,0,0,0,1,1,1,1,0,0,0,0,2,2,0,0,0,1,1,20,0,0,3,1,1,0,1,1,1,0,0,1,1,1,0,11
48,0,1,5,1,0,0,0,0,4,4,4,4,0,4,4,4,1,2,4,0,3,0,3,8,56,0,8,1,0,1,0,3,0,1,0,1,0,0,0,1,1,0,0,2,2,0,0,0,0,0,21,1,0,10,1,2,0,0,1,1,0,0,0,1,1,0,18
49,0,1,4,0,0,1,0,0,4,5,4,4,0,4,4,2,2,2,3,0,3,0,3,8,54,0,0,1,1,0,0,2,1,1,1,1,1,1,0,0,1,0,0,2,2,0,0,0,0,0,15,0,0,4,1,2,1,1,0,1,0,0,1,1,1,0,13
50,0,1,1,1,1,1,0,0,5,4,4,4,0,4,4,3,2,3,4,0,4,0,3,4,53,0,3,1,1,1,0,2,1,0,0,1,0,0,0,0,0,0,0,2,3,0,0,0,0,0,15,0,0,3,0,1,0,0,1,1,0,0,0,1,1,0,8
51,1,1,4,1,1,1,0,0,5,5,4,4,0,4,4,4,2,2,4,0,4,0,3,4,58,0,5,1,1,1,0,2,1,1,1,1,0,0,0,0,0,0,0,3,3,0,0,0,1,0,21,0,0,5,1,1,0,1,1,1,0,0,0,1,1,0,12
52,0,1,1,1,1,0,0,0,3,4,4,4,0,4,4,4,1,2,3,0,3,0,3,4,47,0,2,0,0,0,0,0,0,0,0,0,0,0,0,0,0,0,1,3,2,0,0,0,0,0,8,0,0,2,1,1,0,1,0,1,0,0,1,1,0,0,8
53,0,1,4,1,1,0,0,0,4,4,4,4,0,4,4,4,2,2,1,0,3,1,3,2,49,0,4,1,1,0,0,3,1,0,1,1,0,0,0,0,0,1,0,2,2,0,0,0,1,0,18,0,0,5,0,1,1,1,1,1,0,0,0,1,0,0,11
54,0,0,2,0,1,1,1,0,3,5,5,4,0,4,4,4,2,2,4,0,3,0,3,5,53,0,4,1,0,0,0,3,0,0,0,1,0,1,1,0,1,0,0,2,2,0,0,0,0,1,17,0,0,4,0,2,0,1,0,1,0,0,1,1,1,0,11
55,0,1,2,1,1,0,1,0,4,4,4,4,0,4,4,4,1,2,2,0,3,0,2,2,46,0,3,1,0,0,0,1,0,0,1,0,0,0,0,0,1,1,0,2,2,0,0,0,0,0,12,0,0,3,1,1,1,1,0,0,0,0,0,1,0,0,8
56,0,1,3,1,1,1,0,0,3,4,4,4,0,4,4,4,2,2,4,0,4,1,4,8,59,0,6,1,1,0,0,3,0,1,1,1,0,0,0,0,0,0,1,2,2,0,0,0,0,1,20,0,0,7,0,2,0,1,0,1,0,0,1,1,1,0,14
57,0,1,2,1,0,0,0,0,4,5,4,4,0,4,4,4,1,1,2,0,3,0,3,3,46,0,5,1,1,0,0,2,0,0,1,0,0,0,1,1,0,1,0,2,2,0,0,0,0,0,17,0,0,5,1,2,1,1,1,1,0,0,0,1,1,0,14
58,0,1,5,1,0,1,1,0,4,5,5,5,0,4,4,4,2,2,3,0,4,0,4,8,63,0,8,1,1,0,0,2,0,0,1,1,1,1,1,0,1,0,0,3,3,0,0,0,1,0,25,1,0,10,1,2,0,1,1,1,1,0,0,1,1,0,20
59,0,1,2,0,1,0,0,0,3,4,4,4,0,4,4,4,2,1,2,0,4,1,3,5,49,0,5,0,0,0,0,0,0,0,0,0,0,0,0,0,0,0,1,1,2,0,0,0,0,0,9,0,1,1,0,0,0,1,0,0,1,0,1,1,1,0,7
60,0,1,4,1,0,1,1,0,5,5,5,5,0,5,5,5,3,3,4,0,4,0,4,8,69,0,5,1,1,1,0,3,1,1,1,1,1,1,1,1,1,0,0,3,3,0,0,0,1,1,28,0,0,5,1,2,0,1,1,1,0,0,1,1,1,0,14
61,0,0,0,1,0,1,0,0,5,4,5,5,0,5,5,4,2,1,3,0,3,0,3,3,50,0,4,1,1,0,0,1,1,1,0,1,0,0,0,0,1,0,0,2,3,0,0,0,0,0,16,1,0,2,0,0,1,0,0,1,1,0,0,1,0,0,7
62,0,1,2,1,1,0,0,0,3,4,4,4,0,4,4,5,1,1,3,0,3,0,4,4,49,0,6,0,0,0,0,0,0,0,0,0,1,0,0,0,0,1,0,2,2,0,0,0,0,0,12,0,0,6,1,2,0,1,0,1,0,0,0,1,0,0,12
63,0,1,3,1,1,1,0,0,5,5,4,4,0,4,4,5,2,3,4,0,3,0,3,4,57,0,6,1,0,1,0,2,1,1,0,1,1,1,1,1,0,1,0,3,3,0,0,0,1,1,26,0,0,8,1,2,1,1,1,1,1,0,1,1,1,0,19
64,0,0,1,1,1,0,0,0,4,4,4,4,0,4,4,2,2,2,2,0,4,0,3,4,46,0,2,1,0,0,0,1,0,0,1,1,1,0,0,0,0,1,0,2,2,0,0,0,0,0,12,0,0,5,0,2,1,1,0,1,0,0,1,1,1,0,13
65,0,1,3,1,1,0,0,0,5,5,4,4,0,5,5,4,2,4,4,0,4,0,4,5,61,0,7,1,1,1,0,3,0,1,0,1,1,1,1,1,0,0,0,2,2,0,0,0,1,1,25,0,0,8,0,2,0,1,1,1,0,0,1,1,1,0,16
66,0,1,4,1,0,0,0,0,3,4,4,4,0,5,5,5,2,2,2,0,4,0,4,5,55,0,5,1,0,0,0,3,0,0,1,1,0,0,0,0,1,0,0,2,2,0,0,0,0,0,16,1,0,7,0,2,0,1,0,1,0,0,0,1,1,0,14
67,0,1,5,1,1,1,0,0,2,5,5,4,0,3,4,4,2,2,2,0,3,0,4,8,57,0,7,1,0,1,0,1,0,0,0,1,1,0,0,1,1,0,0,3,3,0,0,0,1,1,22,0,0,10,1,1,0,1,0,0,0,0,0,1,1,0,15
68,1,1,3,1,1,0,0,0,4,5,5,5,0,5,5,5,4,4,4,0,4,1,4,8,70,0,4,0,0,0,0,0,0,0,0,1,1,1,1,1,1,1,1,3,3,0,0,0,1,1,20,0,0,3,0,1,1,1,1,1,0,0,1,1,1,0,11
69,0,1,3,0,0,1,0,0,4,4,4,4,0,3,4,4,2,2,3,0,3,0,3,6,51,0,0,1,1,1,0,1,0,0,1,0,0,0,0,0,0,0,0,2,2,0,0,0,1,0,10,1,0,6,1,1,1,0,0,1,0,0,0,1,1,0,13
70,0,1,2,1,0,0,0,0,3,4,4,4,0,4,4,4,2,2,2,0,4,0,3,7,51,0,5,1,0,0,0,3,0,0,1,1,0,0,0,0,0,0,0,2,2,0,0,0,0,0,15,0,0,6,1,2,1,1,0,0,0,0,1,1,1,0,14
71,0,1,2,1,0,0,0,0,3,4,4,4,0,4,4,4,2,2,2,0,4,0,3,7,51,0,5,1,0,0,0,3,0,0,1,1,0,0,0,0,0,0,0,2,2,0,0,0,0,0,15,0,0,6,1,2,1,1,0,0,0,0,1,1,1,0,14
72,0,1,2,1,0,1,0,0,4,4,4,4,0,4,4,4,2,4,4,0,3,0,3,6,55,0,4,1,1,0,0,3,0,1,1,0,0,0,1,1,0,0,0,2,2,0,0,0,0,0,17,0,0,3,0,1,1,0,0,1,0,0,1,1,0,0,8
73,1,1,3,1,0,1,0,0,4,4,4,4,0,4,4,2,2,2,2,0,3,0,3,8,53,0,6,1,1,1,0,2,0,0,0,1,0,0,1,1,1,0,1,2,2,0,0,0,1,0,21,0,0,6,1,2,1,0,1,1,0,0,1,1,1,0,15
74,0,1,1,1,0,1,0,0,4,5,5,5,0,5,5,5,2,3,3,0,3,0,3,0,52,0,5,1,1,1,0,3,0,0,0,1,1,0,0,1,1,0,0,2,2,0,0,0,0,0,19,1,0,8,0,2,1,1,0,1,0,0,0,1,0,0,15
75,0,1,2,1,1,1,0,0,3,4,3,3,0,4,4,4,2,2,3,0,3,0,3,6,50,0,0,0,0,0,0,0,0,0,0,1,0,0,0,0,0,0,0,2,2,0,0,0,0,0,5,0,0,0,0,1,1,1,0,1,0,0,0,0,0,0,4
76,0,1,2,1,1,1,0,0,3,4,3,3,0,4,4,4,2,2,3,0,3,0,3,6,50,0,0,0,0,0,0,0,0,0,0,1,0,0,0,0,0,0,0,2,2,0,0,0,0,0,5,0,0,0,0,1,1,1,0,1,0,0,0,0,0,0,4
77,0,1,3,1,1,1,0,0,4,4,4,4,0,4,5,4,2,2,4,0,3,0,4,6,57,0,4,1,0,1,0,3,0,0,0,1,0,0,0,0,1,0,0,2,2,0,0,0,0,0,15,1,0,4,1,2,1,1,1,1,0,0,0,1,0,0,13
78,1,1,5,1,1,0,1,0,4,4,4,4,0,4,4,4,2,2,4,0,3,0,3,8,60,0,7,1,1,1,0,2,0,0,0,1,0,0,1,1,1,0,0,3,2,0,0,0,1,0,22,1,0,7,0,2,1,1,1,1,0,0,0,1,1,0,16
79,0,1,4,1,1,0,0,0,5,5,4,4,0,4,4,4,2,4,4,0,3,0,3,5,58,0,6,1,1,1,0,3,0,0,0,1,0,0,1,0,0,0,1,3,3,0,0,0,0,0,21,0,0,7,0,2,1,1,0,1,0,0,1,1,1,0,15
80,0,1,2,1,1,0,1,0,5,4,4,4,0,4,4,4,2,2,2,0,3,1,2,5,52,0,6,1,0,1,0,3,0,1,1,0,1,1,1,1,0,1,1,3,2,0,0,0,1,1,26,0,0,7,1,2,1,1,0,0,1,0,1,1,1,0,16
81,0,1,3,1,1,0,0,0,3,5,5,4,0,5,5,5,2,4,2,0,4,0,4,2,56,0,4,1,1,0,0,3,0,1,0,1,0,0,0,1,0,0,0,2,2,0,0,0,1,0,17,0,0,4,1,2,1,1,1,1,0,0,0,1,1,0,13
82,0,0,3,1,1,1,0,0,3,5,5,5,0,4,5,4,2,2,3,0,3,0,4,3,54,0,5,1,0,1,0,2,1,0,1,1,1,0,0,1,0,0,0,2,2,0,0,0,1,1,20,0,0,4,1,2,1,1,1,1,0,0,0,1,1,0,13
83,0,1,4,1,1,1,1,0,5,5,5,5,0,5,5,4,2,2,3,0,4,0,4,8,66,0,8,1,0,1,0,3,0,0,1,1,1,1,1,1,1,0,0,2,2,0,0,0,0,1,25,1,1,10,1,2,1,1,1,1,1,0,1,1,1,0,23
84,0,1,1,1,1,0,0,0,5,4,5,5,0,5,5,5,1,3,3,0,3,0,4,6,58,0,5,1,1,0,0,2,0,0,0,0,0,0,0,0,0,1,0,2,2,0,0,0,0,0,14,0,0,8,0,0,1,1,1,1,0,0,0,1,1,0,14
85,0,1,3,1,0,0,0,0,4,4,4,3,0,4,4,4,2,3,4,0,3,1,3,8,56,0,3,1,0,1,0,1,0,0,0,0,1,0,0,0,0,0,0,3,3,0,0,0,1,0,14,0,0,3,1,1,1,0,0,1,0,0,0,1,1,0,9
86,1,1,0,1,0,0,0,0,3,4,4,4,0,4,4,4,2,3,2,0,3,0,4,8,52,0,5,1,0,1,0,1,0,0,0,1,0,0,0,0,0,0,0,2,2,0,0,0,0,0,13,0,0,5,0,1,1,1,0,1,0,0,0,1,1,0,11
87,0,1,5,1,0,1,0,0,5,5,5,5,0,5,5,4,2,4,4,0,3,0,3,3,61,0,8,1,0,0,0,3,1,1,0,1,0,0,0,1,1,0,0,3,3,0,0,0,0,0,23,0,0,0,1,1,0,0,0,1,0,0,0,1,1,0,5
88,0,1,2,1,1,1,0,0,4,4,4,4,0,4,4,4,2,3,3,0,3,1,3,7,56,0,3,1,0,0,0,2,0,1,0,1,0,1,0,1,0,0,1,2,3,0,0,0,1,0,17,0,0,2,0,2,1,1,0,1,0,0,1,1,1,0,10
89,0,1,2,1,1,1,0,0,4,4,4,4,0,4,5,4,2,2,3,0,3,1,3,1,50,0,1,1,1,0,0,1,0,0,0,1,0,1,1,1,0,1,1,3,3,0,0,0,0,1,17,0,0,1,0,0,1,1,0,1,1,0,0,1,1,0,7
90,0,1,0,1,1,1,0,0,4,4,4,4,0,4,4,4,3,3,3,0,3,1,3,2,50,0,1,1,0,1,0,1,0,1,0,1,1,0,0,1,0,0,0,2,3,0,0,0,0,0,13,0,0,1,0,0,1,1,0,1,0,0,0,1,1,0,6
91,0,1,4,1,1,1,0,0,3,5,4,4,0,3,4,4,2,1,4,0,3,1,3,5,54,0,5,1,0,0,0,2,0,0,1,1,0,1,1,1,1,0,0,2,2,0,0,0,1,0,19,1,1,7,1,2,1,1,0,1,0,0,0,1,1,0,17
92,0,1,3,1,1,1,0,0,4,4,4,4,0,4,4,2,2,2,3,0,3,0,3,8,54,0,5,1,1,1,0,2,0,0,0,1,1,1,1,1,0,0,0,2,2,0,0,0,0,0,19,0,0,9,1,1,1,1,0,1,0,0,0,0,0,0,14
93,1,1,4,1,1,0,0,0,4,5,5,5,0,5,5,5,3,3,2,0,4,1,3,8,66,0,5,1,0,1,0,2,0,1,1,0,0,0,0,1,1,1,0,3,2,0,0,0,1,1,21,0,0,8,0,2,1,1,0,1,0,0,1,1,0,0,15
94,0,0,3,0,0,0,0,0,4,4,5,5,0,5,4,4,1,1,4,0,3,1,3,5,52,0,0,1,0,0,0,3,0,0,0,1,0,1,1,0,1,0,0,2,2,0,0,0,0,0,12,1,0,4,1,2,0,0,0,1,1,0,0,1,1,0,12
95,0,1,2,0,1,1,0,0,4,4,4,4,0,4,4,3,2,2,1,0,3,1,3,8,52,0,4,0,0,0,0,0,0,0,1,0,1,0,0,1,0,0,1,2,2,0,0,0,1,0,13,0,0,4,1,1,1,1,0,1,0,0,0,1,1,0,11
96,0,1,4,1,1,1,0,0,2,5,5,5,0,4,4,5,2,1,2,0,3,0,3,3,52,0,5,1,1,1,0,1,0,0,1,0,0,0,0,0,0,0,0,2,2,0,0,0,0,0,14,0,0,4,0,1,1,0,0,1,1,0,0,1,0,0,9
97,0,1,4,0,1,0,0,0,5,4,4,5,0,5,5,5,1,1,2,0,3,0,4,3,53,0,0,1,1,0,0,2,1,0,0,1,0,0,1,0,0,1,0,3,3,0,0,0,0,0,14,0,0,3,1,1,0,1,0,1,0,0,1,0,0,0,8
98,0,1,2,1,1,0,0,0,4,4,4,4,0,4,4,4,2,2,3,0,3,1,3,8,55,0,3,0,0,0,0,0,0,0,1,1,1,1,0,0,0,1,1,3,3,0,0,0,1,1,17,1,0,5,1,2,0,1,0,1,0,0,1,1,1,0,14
99,0,0,5,0,0,1,0,0,5,5,5,5,0,5,5,4,2,4,4,0,4,0,4,8,66,0,0,0,0,0,0,0,0,0,0,1,0,0,1,0,0,0,0,2,2,0,0,0,1,1,8,1,1,0,0,2,1,0,0,1,0,0,0,1,1,0,8
100,0,1,1,1,0,0,0,0,3,4,4,4,0,3,3,4,2,1,2,0,3,0,3,7,46,0,3,1,0,1,0,1,0,1,1,1,0,0,0,0,0,0,0,2,2,0,0,0,0,0,13,1,0,2,1,2,1,0,0,1,0,0,0,1,1,0,10
101,0,1,3,0,1,1,0,0,4,5,5,4,0,4,5,5,1,1,1,0,4,0,3,4,52,0,2,1,0,0,0,2,0,0,0,1,0,0,0,0,0,0,0,2,2,0,0,0,0,0,10,0,0,3,1,2,0,1,0,1,1,0,0,1,0,0,10
102,0,1,5,0,1,0,0,0,4,5,4,5,0,5,5,5,4,4,4,0,4,1,4,8,69,0,6,0,0,0,0,0,0,0,1,1,1,1,1,0,0,1,1,3,3,0,0,0,1,1,21,1,0,6,0,2,1,1,1,1,0,0,1,1,0,0,15
103,0,1,5,1,1,1,0,0,4,4,4,4,0,4,4,4,2,2,3,0,3,1,3,8,59,0,4,1,1,0,0,3,1,0,1,1,1,1,1,1,0,0,0,3,2,0,0,0,1,1,23,0,0,7,1,2,0,1,1,1,1,0,1,1,1,0,17
104,0,1,2,1,1,1,0,0,5,4,3,4,0,4,4,4,2,2,3,0,3,0,3,6,53,0,7,1,1,1,1,2,1,1,1,1,0,1,1,0,0,1,0,2,2,0,0,0,1,1,26,0,0,7,1,2,1,1,1,1,0,0,1,0,0,0,15
105,0,1,2,1,1,1,0,0,5,5,5,5,0,5,5,5,3,4,4,0,4,1,4,8,69,0,3,1,1,0,0,2,1,0,0,1,1,1,1,1,0,1,1,3,3,0,0,0,1,1,23,0,0,3,0,1,0,1,1,1,0,0,0,1,1,0,9
106,0,1,4,1,1,1,0,0,3,4,4,4,0,4,4,4,2,2,2,0,2,0,3,3,49,0,4,1,0,1,0,2,1,1,1,1,0,0,0,1,0,0,0,2,2,0,0,0,1,0,18,0,0,3,1,2,1,1,0,1,0,0,0,0,0,0,9
107,0,1,4,1,0,1,0,0,3,4,4,4,0,4,4,4,2,3,3,0,4,0,4,6,56,0,8,1,0,1,0,3,0,0,0,1,0,0,1,1,1,0,0,2,2,0,0,0,1,1,23,0,0,10,0,1,1,0,1,1,0,0,0,1,1,0,16
108,0,1,6,1,1,1,0,0,5,5,5,5,0,5,5,5,2,2,4,0,4,0,4,8,69,0,5,1,0,0,0,3,1,0,0,1,1,0,0,1,1,0,0,2,2,0,0,0,0,0,18,1,0,7,1,1,1,1,1,1,0,0,0,1,1,0,16
109,1,1,5,1,1,0,0,0,4,5,5,5,0,5,5,5,2,2,2,0,4,0,4,3,60,0,8,1,0,1,0,2,0,1,0,1,1,0,1,1,1,0,0,3,3,0,0,0,1,0,25,1,0,10,0,1,1,1,0,1,0,0,1,1,1,0,18
110,0,1,4,1,0,1,0,0,5,5,5,5,0,5,5,4,1,1,1,0,4,0,4,8,60,0,5,0,0,0,0,0,0,0,1,1,0,1,1,0,0,0,0,3,3,0,0,0,0,0,15,0,0,8,1,2,0,0,1,1,0,0,1,1,1,0,16
111,0,1,5,1,1,1,0,0,5,4,5,5,0,5,5,5,2,2,2,0,4,0,3,8,64,0,8,1,0,1,0,3,0,1,1,1,0,1,1,0,0,1,0,2,2,0,0,0,0,0,23,0,0,6,1,2,1,1,0,1,0,0,0,1,1,0,14
112,0,1,5,1,0,1,0,0,4,5,5,4,0,3,4,5,2,2,4,0,3,0,4,6,59,0,5,1,1,1,0,3,1,0,0,1,0,0,0,1,1,0,0,2,2,0,0,0,0,0,19,1,0,6,1,1,0,0,1,0,0,0,0,1,1,0,12
113,0,1,3,1,0,1,0,0,4,4,4,4,0,4,4,2,2,1,2,0,3,0,3,4,47,0,5,1,0,0,0,2,0,1,1,1,0,1,1,1,1,0,0,2,2,0,0,0,0,0,19,0,0,5,0,1,1,1,1,1,0,0,1,1,0,0,12
114,0,1,4,1,1,0,0,0,4,4,4,4,0,4,4,4,2,2,2,0,3,1,3,8,56,0,3,1,0,0,0,3,1,0,1,0,0,0,1,0,0,1,0,3,2,0,0,0,0,1,17,0,0,3,1,1,0,1,1,1,0,0,0,1,1,0,10
115,0,1,5,1,0,1,0,0,3,4,5,4,0,4,5,5,2,2,3,0,3,0,4,7,59,0,7,1,1,0,0,3,1,0,0,1,1,1,0,1,1,0,0,3,2,0,0,0,0,0,23,0,0,10,0,2,1,1,1,1,0,0,1,1,1,0,19
116,0,1,4,1,1,1,0,0,4,4,4,4,0,4,4,4,2,2,4,0,3,1,3,4,55,0,6,1,0,1,0,2,0,0,0,1,1,1,0,1,1,0,0,2,2,0,0,0,1,0,20,1,0,8,0,1,1,1,1,1,0,0,1,1,0,0,16
117,0,0,6,1,1,0,0,0,4,2,3,3,0,4,3,3,2,1,2,0,3,0,2,8,48,0,7,0,0,0,0,0,0,0,0,0,0,0,0,0,0,0,0,1,1,0,0,0,0,1,10,0,0,3,0,1,0,1,1,0,0,0,0,1,0,0,7
118,0,1,3,1,1,0,0,0,4,5,5,5,0,5,5,5,2,2,2,0,4,0,4,7,61,0,6,1,1,0,0,3,1,0,1,1,0,1,1,1,1,0,0,3,3,0,0,0,1,1,26,0,0,10,1,2,1,1,1,1,0,0,1,1,0,0,19
119,0,0,1,0,1,0,0,0,2,5,4,4,0,4,5,4,1,2,2,0,3,0,3,2,43,0,0,1,0,0,0,2,0,0,0,1,0,0,0,0,0,0,0,3,2,0,0,0,0,0,9,0,0,0,0,0,1,1,0,1,0,0,0,1,0,0,4
120,1,1,5,1,1,0,0,0,1,4,4,4,0,4,4,4,2,2,1,0,4,0,4,8,55,0,8,1,1,0,0,1,0,0,0,0,0,0,0,0,0,0,1,2,2,0,0,0,1,1,18,0,1,8,0,2,0,1,1,1,0,0,0,0,0,0,14
121,0,1,2,1,1,1,0,0,4,5,4,4,0,4,4,4,2,2,3,0,3,1,3,5,54,0,3,1,0,1,0,2,1,1,1,1,0,0,0,1,1,0,0,3,2,0,0,0,1,0,19,0,0,3,0,2,1,1,0,1,0,0,1,1,0,0,10
122,0,0,1,1,1,1,0,0,4,5,5,5,0,5,5,4,2,3,3,0,3,0,3,3,54,0,2,1,1,0,0,1,1,0,0,1,0,0,0,0,0,0,0,3,3,0,0,0,0,1,14,0,0,3,1,1,1,1,1,1,0,0,1,0,0,0,10
123,0,1,4,1,1,1,0,0,3,4,3,3,0,4,4,4,1,1,2,0,3,0,3,2,45,0,3,1,1,0,0,1,0,0,1,0,1,0,0,0,1,0,0,2,1,0,0,0,0,0,12,0,0,4,1,2,1,1,0,1,0,0,0,1,0,0,11
124,0,0,3,0,0,1,0,0,5,5,5,5,0,5,5,5,1,4,4,0,4,0,4,8,64,0,1,1,0,1,0,2,0,0,0,1,0,0,0,0,1,0,0,3,3,0,0,0,0,0,13,0,0,0,0,2,1,1,0,1,1,0,0,1,1,0,8
125,0,1,5,1,1,0,0,0,4,5,5,5,0,5,5,5,2,3,3,0,3,1,3,8,65,0,8,1,1,0,0,3,1,0,0,1,1,1,1,1,0,0,1,3,2,0,0,0,0,1,26,0,0,8,0,2,1,1,1,1,0,0,1,1,1,0,17
126,0,1,4,1,1,1,0,0,5,5,5,5,0,5,5,5,2,2,4,0,4,1,4,4,64,0,6,1,0,1,0,3,0,0,0,1,1,1,1,1,0,1,1,3,2,0,0,0,1,1,25,0,0,6,0,2,0,1,0,1,0,0,1,1,1,0,13
127,0,1,0,1,1,0,0,0,4,3,3,3,0,4,5,4,2,2,2,0,3,0,2,1,41,0,4,1,0,0,0,2,0,0,0,1,0,0,0,1,0,1,0,1,1,0,0,0,0,0,12,0,0,4,1,2,1,1,0,1,0,0,0,0,0,0,10
128,0,1,6,1,1,0,1,0,4,5,5,5,0,5,5,5,2,2,3,0,3,0,4,8,66,0,1,0,0,0,0,0,0,0,0,0,0,0,0,0,0,0,1,3,2,0,0,0,0,0,7,0,0,1,0,0,1,1,0,1,0,0,0,1,1,0,6
129,0,1,2,1,1,1,0,0,3,4,4,4,0,4,4,4,2,1,3,0,3,0,4,2,48,0,2,1,0,0,0,3,0,1,1,1,0,1,1,1,1,0,0,3,3,0,0,0,1,0,20,1,0,2,1,1,1,1,0,1,1,0,0,1,0,0,10
130,0,1,2,1,1,1,0,0,4,5,4,5,0,5,5,4,2,2,4,0,3,1,3,7,60,0,3,1,0,1,0,2,1,0,0,1,0,0,0,0,0,1,1,3,3,0,0,0,1,1,19,0,0,2,0,2,1,1,0,0,0,0,1,1,1,0,9
131,0,1,6,1,0,1,0,0,4,5,5,5,0,5,5,4,3,2,2,0,3,0,4,6,62,0,7,1,1,0,1,2,1,0,0,1,0,0,1,0,0,0,0,3,3,0,0,0,1,1,23,0,0,8,1,2,0,0,1,1,0,0,1,1,1,0,16
132,1,1,5,1,1,1,1,0,5,5,5,5,0,5,5,5,3,3,3,0,4,0,4,8,71,0,7,1,1,0,0,3,1,1,1,1,0,1,1,1,1,1,0,3,3,0,0,0,1,1,29,1,1,9,1,2,0,1,0,1,1,0,1,1,1,0,20
133,0,1,5,1,1,1,1,0,2,4,4,4,0,4,4,3,1,2,2,0,3,0,3,2,48,0,5,1,1,0,0,1,0,0,1,1,0,1,1,1,1,0,0,2,2,0,0,0,0,0,18,1,0,7,0,2,1,1,1,0,0,0,0,1,1,0,15
134,0,1,2,1,1,0,0,0,4,4,4,4,0,4,4,4,3,3,4,0,3,1,4,3,54,0,3,1,0,0,0,2,1,1,0,1,1,0,0,1,0,1,0,3,3,0,0,0,1,1,20,1,0,1,1,1,1,1,0,0,0,0,0,1,1,0,8
135,0,0,3,1,1,0,0,0,4,4,4,4,0,4,4,4,2,2,3,0,3,1,3,8,55,0,6,1,0,1,0,1,0,0,0,0,1,1,1,0,0,0,0,2,3,0,0,0,1,0,18,0,0,5,1,0,0,1,0,0,0,0,0,1,1,0,9
136,0,0,1,0,1,0,1,0,5,2,4,5,0,3,2,4,2,2,4,0,1,1,3,1,42,0,1,0,0,0,0,0,0,0,1,0,0,0,0,1,0,0,0,3,2,0,0,0,1,1,10,0,0,0,0,0,0,1,0,0,0,0,0,1,0,0,2
137,0,1,3,1,1,0,1,0,5,5,5,5,0,5,5,4,2,2,4,0,4,1,4,3,61,0,5,1,0,1,0,2,1,1,0,0,1,1,1,1,1,1,0,2,2,0,0,0,1,1,23,1,0,3,1,0,0,1,0,1,0,0,0,0,0,0,7
138,0,1,3,1,1,1,1,0,5,5,5,5,0,5,5,4,2,4,4,0,3,1,3,4,63,0,3,1,0,1,0,2,1,1,0,0,0,1,1,0,0,1,0,2,2,0,0,0,0,0,16,0,0,5,1,1,1,1,0,0,1,0,1,0,0,0,11
139,0,1,1,1,1,0,1,0,4,4,4,4,0,4,4,4,3,3,3,0,3,0,3,0,48,0,2,1,0,0,0,2,1,0,0,0,1,1,1,0,1,1,0,3,3,0,0,0,0,0,17,1,1,2,1,1,1,1,0,1,1,0,1,0,0,0,11
140,0,1,3,1,1,1,1,0,5,5,5,5,0,5,3,4,3,3,4,0,4,0,4,8,66,0,3,1,0,1,0,3,1,0,0,1,1,1,1,0,1,1,0,3,3,0,0,0,1,1,23,0,0,2,1,2,1,1,0,1,0,0,1,1,1,0,11
141,1,1,2,1,1,1,1,0,3,4,4,4,0,4,4,4,3,3,3,0,3,0,3,4,54,0,3,1,0,1,0,2,1,1,1,0,1,1,1,0,0,0,0,3,3,0,0,0,0,1,20,1,1,3,1,1,0,1,1,1,1,0,1,1,1,0,14
142,0,1,3,1,1,0,1,0,4,4,4,4,0,4,4,4,2,2,3,0,3,0,3,3,51,0,3,1,0,1,0,2,1,1,0,0,0,1,1,0,1,1,0,3,3,0,0,0,1,1,21,1,1,3,1,1,0,1,0,0,0,0,1,1,0,0,10
143,0,1,3,1,1,0,0,0,5,5,5,5,0,5,5,5,4,4,4,0,4,1,4,3,65,0,3,1,0,1,0,2,1,1,0,0,1,1,1,0,1,1,0,3,3,0,0,0,1,0,21,0,0,4,1,2,0,1,0,0,1,0,0,1,1,0,11
144,0,1,3,1,1,0,1,0,4,4,4,4,0,4,5,4,3,4,3,0,4,0,4,8,62,0,3,1,0,1,0,3,0,0,1,0,1,1,1,1,1,0,0,3,3,0,0,0,1,1,22,1,0,3,0,1,1,1,1,1,1,0,0,1,0,0,11
145,0,0,3,1,1,0,1,0,5,5,5,5,0,5,5,5,4,4,4,0,4,0,4,8,69,0,2,1,0,1,0,2,1,1,0,1,1,1,1,1,1,1,0,3,3,0,0,0,1,1,23,1,1,3,1,1,0,1,1,1,1,0,1,1,1,0,14
146,1,1,1,1,1,0,1,0,5,5,5,5,0,5,5,5,4,4,4,0,4,0,4,0,61,0,1,1,0,1,0,1,1,1,0,0,1,1,1,0,1,1,0,3,3,0,0,0,1,1,19,0,0,0,1,1,0,1,0,1,1,0,0,1,0,0,6
147,0,1,3,1,1,1,1,0,5,5,5,5,0,5,5,4,3,3,3,0,4,0,4,8,67,0,3,1,0,1,0,2,0,0,0,1,0,1,1,1,1,0,0,3,3,0,0,0,0,1,19,1,0,3,0,1,0,1,1,1,1,0,0,1,1,0,11
148,0,1,3,1,1,1,1,0,4,5,5,5,0,5,5,5,1,2,3,0,3,0,4,5,60,0,5,1,0,1,0,2,0,0,1,1,1,1,1,1,1,1,0,2,2,0,0,0,1,1,23,0,0,6,1,2,1,1,1,1,1,0,0,0,0,0,14
149,0,1,3,1,1,0,1,0,4,1,1,1,0,1,1,1,2,2,3,0,3,0,3,3,33,0,4,1,0,1,0,2,1,0,1,0,0,1,1,0,0,1,0,3,3,0,0,0,0,0,19,0,1,3,1,1,0,1,0,1,1,0,1,1,1,0,12
150,0,1,3,1,1,1,1,0,5,5,5,5,0,5,5,5,2,2,4,0,4,0,4,6,65,0,4,1,0,1,0,2,0,1,0,1,0,1,1,0,1,1,0,2,3,0,0,0,1,1,21,1,0,4,0,2,0,1,1,1,1,0,1,1,1,0,14
151,1,1,1,0,1,0,1,0,1,5,5,5,0,5,5,5,4,4,4,0,4,0,4,2,58,0,2,1,1,0,0,1,0,0,1,1,1,1,1,1,1,1,0,3,3,0,0,0,1,1,21,0,0,1,0,0,0,1,0,1,1,0,0,0,0,0,4
152,1,1,2,1,1,1,1,0,1,5,4,4,0,5,5,5,2,4,3,0,4,0,4,7,61,0,3,1,0,1,0,2,1,1,0,0,1,1,1,0,1,1,0,3,3,0,0,0,1,1,22,1,1,2,1,2,1,1,0,0,1,0,0,0,0,0,10
153,0,1,3,1,1,1,1,0,5,5,5,5,0,5,5,5,3,3,4,0,4,1,4,8,70,0,3,1,0,1,0,3,1,0,0,1,0,1,1,1,0,1,1,1,3,0,0,0,0,1,20,0,0,3,1,2,1,1,0,1,1,0,1,1,1,0,13
154,0,1,3,1,1,1,1,0,5,5,5,5,0,5,5,5,3,3,4,0,4,1,4,8,70,0,3,1,0,1,0,3,1,0,0,1,0,1,1,1,0,1,1,1,3,0,0,0,0,1,20,0,0,3,1,2,1,1,0,1,1,0,1,1,1,0,13
155,0,1,3,1,1,1,1,0,5,5,5,5,0,5,5,5,3,3,4,0,4,1,4,8,70,0,3,1,0,1,0,3,1,0,0,1,0,1,1,1,0,1,1,1,3,0,0,0,0,1,20,0,0,3,1,2,1,1,0,1,1,0,1,1,1,0,13
156,0,1,2,1,1,1,1,0,5,5,5,5,0,4,4,5,3,3,3,0,4,0,4,7,64,0,3,1,1,1,0,1,1,1,0,1,1,1,1,0,0,0,0,1,1,0,0,0,1,1,17,0,0,5,1,2,0,1,1,1,0,0,0,1,1,0,13
157,0,1,3,1,1,0,1,0,5,5,5,5,0,5,5,5,3,2,4,0,4,0,4,7,66,0,5,1,0,1,0,1,1,0,1,0,1,1,1,1,1,1,1,3,3,0,0,0,1,1,25,1,1,1,1,1,0,1,0,1,1,0,1,1,0,0,10
158,0,1,1,1,1,0,1,0,3,5,5,5,0,5,5,5,4,4,4,0,4,0,4,6,64,0,2,1,0,1,0,2,0,0,0,0,0,1,1,1,0,1,0,3,3,0,0,0,0,0,16,0,0,0,1,1,1,1,0,1,1,0,1,0,0,0,7
159,0,1,3,1,1,1,1,0,4,5,4,4,0,4,4,4,2,3,4,0,3,0,3,3,55,0,3,1,0,1,0,2,0,0,1,1,1,1,1,0,0,1,0,3,3,0,0,0,1,1,21,0,0,3,1,1,1,1,0,1,1,0,0,0,0,0,9
160,0,1,3,1,1,0,1,0,4,5,5,4,0,4,3,4,2,1,2,0,3,0,3,5,52,0,3,1,0,1,0,2,1,1,0,0,1,1,1,0,0,1,0,2,2,0,0,0,0,0,17,0,0,2,0,1,0,1,0,1,1,0,0,1,0,0,7
161,0,1,1,1,1,0,1,0,4,4,4,4,0,4,4,4,1,2,3,0,3,0,3,5,50,0,1,0,0,0,0,0,0,0,1,1,0,0,0,0,0,1,0,2,2,0,0,0,0,0,8,0,0,2,1,0,1,1,0,1,0,0,0,1,1,0,8
162,0,1,5,1,1,0,1,0,4,4,4,4,0,4,4,4,2,2,3,0,3,0,3,8,58,0,5,1,0,1,0,2,0,0,1,1,1,1,1,0,0,1,0,2,3,0,0,0,0,0,20,0,0,6,1,1,0,0,1,1,1,0,0,1,1,0,13
163,0,1,3,1,1,1,1,0,4,5,4,4,0,4,4,4,2,2,2,0,3,1,3,4,54,0,3,1,0,1,0,1,1,0,0,1,1,0,1,0,0,1,0,3,2,0,0,0,0,0,16,0,0,3,0,0,0,1,0,1,1,0,0,1,1,0,8
164,0,1,3,1,1,1,1,0,1,5,5,5,0,5,5,5,2,4,4,0,4,0,4,8,65,0,3,1,0,1,0,2,1,0,0,1,1,1,1,0,0,1,0,3,3,0,0,0,0,1,20,1,0,3,1,1,1,1,0,1,1,0,0,1,0,0,11
165,0,1,6,1,1,0,1,0,4,4,4,4,0,4,4,4,2,1,2,0,3,1,3,7,57,0,7,1,0,1,0,2,1,0,1,0,0,1,1,0,0,0,0,1,3,0,0,0,0,0,19,0,0,10,1,1,0,1,0,1,1,0,1,0,0,0,16
166,0,1,0,1,1,1,1,0,3,3,3,3,0,4,4,4,2,2,2,0,3,0,3,1,42,0,1,1,0,1,0,1,1,1,1,1,1,1,1,0,0,0,0,2,2,0,0,0,0,1,16,0,0,1,0,0,0,1,0,0,0,0,0,1,1,0,4
167,0,0,1,0,0,1,0,0,3,3,3,3,0,3,3,3,2,2,2,0,3,1,3,2,38,0,4,0,0,0,0,0,0,0,1,1,1,0,0,0,0,0,1,2,3,0,0,0,1,1,15,0,0,3,1,1,0,1,0,0,0,0,0,1,1,0,8
168,1,0,0,0,1,0,0,0,4,4,4,4,0,5,4,4,2,2,2,0,3,0,3,8,51,0,0,1,0,1,0,1,0,0,0,0,0,0,0,0,0,0,0,3,2,0,0,0,0,0,8,1,1,0,0,0,1,1,0,0,1,0,1,1,1,0,8
169,0,1,3,0,1,0,1,0,5,5,5,5,0,5,5,5,2,2,4,0,4,1,4,6,64,0,5,1,0,1,0,2,1,1,0,1,0,1,0,0,0,1,1,2,2,0,0,0,0,1,20,0,0,6,1,2,0,1,0,1,0,0,0,0,0,0,11
170,0,1,1,0,1,1,1,0,5,5,5,5,0,5,5,5,2,2,3,0,4,0,4,5,60,0,3,1,0,1,0,1,1,1,1,1,1,1,1,1,1,1,1,3,3,0,0,0,0,0,23,1,1,4,1,1,1,1,1,1,1,0,1,1,1,0,16
171,0,1,0,1,1,0,1,0,4,5,5,5,0,5,5,5,2,2,3,0,4,0,4,8,61,0,1,1,1,1,0,1,0,0,0,0,1,1,1,0,0,0,0,2,2,0,0,0,1,1,14,0,0,4,1,0,1,1,0,0,0,0,0,1,1,0,9
172,1,1,1,1,1,1,0,0,3,1,1,1,0,3,3,3,2,4,2,0,3,0,3,8,43,0,4,1,0,1,0,2,0,1,0,1,1,1,1,0,1,1,0,2,3,0,0,0,1,1,22,0,0,5,0,2,0,1,1,0,0,0,0,1,1,0,11
173,0,0,2,1,1,1,1,0,4,5,5,5,0,5,5,5,3,2,3,0,4,1,3,4,60,0,3,1,0,0,1,2,0,0,1,1,1,1,1,0,1,1,1,3,3,0,0,0,1,1,23,0,0,3,1,1,1,1,1,1,1,0,1,1,1,0,13
174,1,1,1,1,1,0,1,0,5,5,5,5,0,4,5,3,3,3,4,0,3,1,3,5,60,0,0,0,0,0,0,0,0,0,0,0,1,0,0,0,0,0,0,2,2,0,0,0,0,0,5,0,0,6,0,2,1,1,0,1,1,0,0,1,0,0,13
175,0,1,2,1,1,0,1,0,3,5,5,5,0,5,5,5,2,3,4,0,3,0,3,7,61,0,3,1,0,1,0,1,1,1,0,1,1,1,1,0,0,1,1,3,3,0,0,0,1,1,22,0,0,4,0,2,1,1,1,1,1,0,1,1,1,0,14
176,0,1,2,0,1,0,0,0,5,5,5,4,0,4,4,4,2,3,3,0,4,0,4,6,57,0,0,1,1,0,0,2,0,0,1,0,1,1,0,1,0,1,0,3,2,0,0,0,1,1,16,0,0,6,0,2,0,1,0,1,0,0,1,1,1,0,13
177,1,1,0,1,1,0,1,0,1,4,4,4,0,4,5,5,1,2,3,0,3,1,4,1,47,0,1,1,0,1,0,1,0,0,1,1,1,1,1,1,1,1,0,3,3,0,0,0,0,0,18,1,0,1,1,1,1,1,0,1,0,0,0,1,0,0,8
178,1,1,1,1,1,0,1,0,4,4,4,4,0,4,4,4,3,4,3,0,3,0,3,4,54,0,3,1,0,0,0,2,1,0,0,1,1,1,1,0,0,1,0,3,3,0,0,0,1,1,20,0,0,3,0,2,1,1,1,0,0,0,1,1,1,0,11
179,0,0,4,0,1,0,0,0,1,3,3,4,0,2,4,3,3,2,2,0,3,1,2,6,44,0,5,1,1,0,1,1,1,1,1,0,0,0,1,0,0,0,0,2,2,0,0,0,0,1,18,0,0,6,1,1,1,1,1,1,0,0,0,0,0,0,12
180,0,1,3,1,1,0,1,0,3,4,4,4,0,4,4,4,2,4,4,0,3,0,3,5,55,0,5,1,0,1,0,3,0,1,0,1,0,0,0,0,1,1,0,2,2,0,0,0,1,1,20,1,1,4,1,1,1,1,1,0,0,0,0,1,1,0,13
181,0,1,1,1,1,0,0,0,3,3,3,3,0,3,3,3,2,2,3,0,4,0,4,4,44,0,0,0,0,0,0,0,0,0,0,0,0,0,0,0,0,0,0,2,2,0,0,0,0,0,4,0,0,4,1,1,0,1,0,1,0,0,0,1,0,0,9
182,0,1,1,0,1,1,0,0,4,5,5,5,0,1,5,5,2,2,4,0,4,0,4,2,52,0,1,0,0,0,0,0,0,0,0,1,0,1,1,0,0,0,1,3,3,0,0,0,1,1,13,0,0,1,1,1,0,1,0,1,0,0,1,1,1,0,8
183,0,1,1,1,1,0,0,0,3,3,3,3,0,3,3,3,2,2,2,0,4,0,4,4,43,0,0,0,0,0,0,0,0,0,0,0,0,0,0,0,0,0,0,2,2,0,0,0,0,0,4,0,0,3,1,1,0,1,0,1,0,0,0,1,0,0,8
184,1,1,0,0,1,1,0,0,5,5,5,5,0,5,5,5,2,3,4,0,4,0,4,4,60,0,1,1,0,1,0,2,1,0,0,1,1,1,1,0,0,1,0,3,3,0,0,0,1,0,18,0,0,1,1,1,1,1,0,1,0,0,0,1,1,0,8
185,0,1,3,1,1,1,1,0,5,5,5,5,0,5,5,4,4,4,4,0,4,0,4,4,66,0,5,1,0,1,0,2,0,0,1,1,1,0,0,0,1,0,0,3,3,0,0,0,1,1,21,1,0,7,1,1,1,1,1,1,0,0,0,0,0,0,14
186,0,0,2,1,1,0,0,0,5,4,3,3,0,3,3,4,2,2,4,0,3,0,2,7,49,0,0,0,0,0,0,0,0,0,1,1,1,0,0,0,0,1,0,2,1,0,0,0,0,0,7,0,0,0,0,2,1,1,0,1,1,0,1,0,0,0,7
187,1,1,3,1,1,0,1,0,4,4,4,4,0,4,4,4,2,2,3,0,3,0,3,6,55,0,2,1,0,1,0,2,1,0,0,1,0,1,1,1,1,1,0,2,2,0,0,0,1,0,18,1,0,3,1,2,1,1,0,1,0,0,0,1,1,0,12
188,0,1,1,1,1,0,0,0,4,4,4,4,0,4,4,4,3,3,3,0,3,0,3,7,54,0,2,1,0,1,0,2,1,1,1,0,1,1,1,0,0,1,0,2,2,0,0,0,1,1,19,0,0,3,1,1,0,1,0,1,0,0,0,1,0,0,8
189,0,1,1,1,1,0,0,0,4,4,4,4,0,4,4,4,3,3,4,0,4,0,3,8,57,0,2,1,0,1,0,1,1,1,1,1,1,1,1,0,0,1,0,3,3,0,0,0,1,1,21,0,1,3,1,1,1,1,1,1,0,0,0,1,1,0,12
190,1,1,3,1,1,0,1,0,4,5,4,4,0,4,4,4,2,1,2,0,3,0,4,4,53,0,5,1,0,0,0,1,1,0,0,1,0,1,0,0,0,1,1,3,3,0,0,0,0,0,18,0,0,7,0,2,0,1,0,1,0,0,1,1,1,0,14
191,0,1,0,0,1,0,0,0,5,5,5,5,0,5,5,5,2,3,4,0,4,0,4,3,57,0,0,0,0,0,0,0,0,0,0,1,0,0,0,0,0,1,0,2,2,0,0,0,1,1,8,0,0,0,0,0,0,1,0,0,0,0,1,1,0,0,3
192,0,1,2,1,1,1,0,0,4,4,4,4,0,4,4,4,2,2,4,0,3,0,3,6,54,0,3,1,0,1,0,2,0,0,0,1,0,0,0,0,1,1,0,3,3,0,0,0,1,1,18,0,0,2,1,1,1,1,0,0,0,0,1,0,0,0,7
193,0,1,2,1,1,0,1,0,5,5,5,5,0,5,5,5,3,3,4,0,4,1,4,7,67,0,4,1,0,1,0,2,1,1,1,1,1,1,1,0,0,1,1,3,3,0,0,0,1,1,25,0,1,3,0,0,1,1,1,1,1,0,1,1,0,0,11
194,1,1,3,1,1,0,1,0,4,4,4,4,0,4,4,4,2,3,3,0,3,0,3,8,58,0,4,1,0,1,0,2,0,1,0,1,1,1,1,0,0,1,0,3,2,0,0,0,1,1,21,0,0,4,0,1,1,1,0,0,1,0,0,0,0,0,8
195,0,1,4,1,1,0,1,0,5,5,5,5,0,4,5,5,2,2,3,0,4,0,4,6,63,0,0,1,1,0,0,3,0,0,1,1,0,1,1,0,0,1,0,2,2,0,0,0,0,0,14,0,0,0,0,2,0,1,0,0,0,0,1,0,0,0,4
196,0,1,1,1,1,0,0,0,4,5,4,4,0,4,4,4,2,2,4,0,3,0,4,4,52,0,4,1,0,1,0,2,1,0,1,1,1,0,0,0,1,1,0,3,3,0,0,0,1,0,21,0,0,5,1,1,1,1,1,1,0,0,1,1,1,0,14
197,0,1,1,1,1,1,1,0,4,5,5,5,0,5,5,5,3,3,4,0,4,0,4,5,63,0,6,1,0,1,0,2,1,0,1,1,1,1,1,0,1,1,0,3,3,0,0,0,1,1,26,1,1,7,0,2,0,1,1,1,0,0,1,1,1,0,17
198,0,0,1,1,1,0,0,0,4,4,4,3,0,4,3,3,2,2,2,0,3,0,3,0,40,0,2,1,0,0,0,1,0,0,0,1,1,0,0,0,0,1,0,2,2,0,0,0,0,1,12,0,0,7,0,1,1,1,1,1,0,0,0,0,0,0,12
199,0,1,3,1,1,0,0,0,4,4,4,4,0,4,4,4,2,3,3,0,3,0,3,4,52,0,4,1,1,1,0,2,0,0,0,0,1,1,1,0,0,1,0,3,3,0,0,0,1,1,21,0,0,6,0,1,1,1,0,1,0,0,1,1,1,0,13
200,0,1,0,0,1,0,0,0,4,5,5,5,0,5,4,4,3,3,4,0,4,1,3,4,56,0,0,0,0,0,0,0,0,0,1,1,0,1,1,0,0,0,1,3,2,0,0,0,1,0,11,0,0,4,1,1,1,1,0,1,0,0,0,0,0,0,9
201,0,1,2,1,1,1,0,0,5,5,5,1,0,5,5,5,2,2,3,0,3,0,3,8,58,0,4,1,1,1,0,3,0,0,1,1,0,1,1,0,0,1,0,2,2,0,0,0,1,1,21,0,0,7,1,2,1,1,1,1,0,0,0,1,1,0,16
202,0,1,1,1,1,0,0,0,3,4,5,5,0,4,4,3,2,3,3,0,4,0,4,6,54,0,4,0,0,0,0,0,0,0,0,1,1,1,0,0,0,1,0,2,2,0,0,0,1,1,14,0,0,7,0,2,1,1,1,1,0,0,0,1,1,0,15
205,0,0,0,0,1,0,0,0,3,2,2,4,0,4,4,3,3,3,4,0,3,1,3,1,41,0,0,0,0,0,0,0,0,0,0,0,0,0,0,0,0,0,0,1,1,0,0,0,0,0,2,1,1,1,0,0,1,0,1,0,0,0,0,0,0,0,5
206,0,0,0,0,0,0,0,0,3,3,3,3,0,3,3,3,2,2,2,0,3,1,2,1,34,0,1,0,0,0,0,0,0,0,0,0,0,1,0,0,0,0,0,3,1,0,0,0,1,0,7,1,0,3,1,0,0,0,0,0,0,0,0,1,0,0,6
207,0,1,1,0,0,0,0,0,3,1,5,4,0,4,1,3,2,2,2,0,3,1,3,1,37,0,1,1,1,0,0,0,0,0,1,0,0,0,0,0,0,0,1,3,2,0,0,0,0,1,11,0,0,3,0,0,1,1,1,0,0,0,1,1,0,0,8
208,0,0,0,0,1,0,0,0,3,3,3,3,0,3,3,3,2,2,2,0,1,0,4,8,41,0,0,0,0,0,0,0,0,0,0,0,0,0,0,0,0,0,0,1,1,0,0,0,0,0,2,1,1,0,0,0,1,1,0,1,1,0,1,1,0,0,8
209,0,0,0,0,1,0,0,0,3,3,3,3,0,3,3,4,2,4,2,0,3,0,3,4,41,0,1,0,0,0,0,0,0,0,0,0,0,0,0,0,1,0,1,2,2,0,0,0,0,1,8,0,0,1,0,1,0,1,1,1,0,0,0,1,1,0,7
210,1,1,0,0,0,0,0,0,1,1,1,1,0,1,1,1,1,1,1,0,4,0,1,1,18,0,1,0,0,0,0,0,0,0,0,0,1,0,0,0,0,0,0,1,1,0,0,0,0,0,4,1,0,1,0,0,1,0,0,0,0,0,0,0,0,0,3
211,0,1,0,0,1,0,0,0,3,5,5,5,0,5,5,5,4,4,4,0,4,1,4,8,64,0,0,0,0,0,0,0,0,0,0,0,0,0,0,0,0,0,1,2,2,0,0,0,1,1,7,0,0,0,0,0,0,1,0,1,1,0,0,1,0,0,4
213,0,1,4,1,1,0,0,0,3,4,4,4,0,4,4,4,2,2,2,0,3,0,3,4,50,0,4,0,0,0,0,0,0,0,1,1,0,0,0,0,0,0,0,2,2,0,0,0,0,0,10,0,0,4,0,1,0,1,0,1,0,0,0,1,0,0,8
214,0,0,0,0,1,0,0,0,3,3,3,3,0,3,3,3,2,2,2,0,3,1,3,1,36,0,1,0,0,0,0,0,0,0,0,0,0,0,0,0,0,0,0,2,2,0,0,0,0,0,5,0,0,1,0,0,0,1,0,0,0,0,0,0,0,0,2
215,0,1,3,1,1,1,0,0,3,4,4,4,0,4,4,4,1,1,2,0,3,1,3,8,53,0,0,0,0,0,0,0,0,0,0,1,0,0,0,1,0,0,0,3,3,0,0,0,0,0,8,0,0,5,0,2,1,1,1,1,0,0,0,1,1,0,13
216,0,1,5,0,1,0,0,0,4,5,5,5,0,5,5,5,4,4,4,0,4,0,4,2,63,0,3,1,1,0,0,1,1,0,1,0,0,0,0,0,0,0,0,3,2,0,0,0,0,0,13,0,0,3,0,1,0,0,0,1,0,0,0,0,0,0,5
217,0,1,2,1,1,0,1,0,3,5,4,4,0,4,4,4,2,1,4,0,4,1,3,7,56,0,0,1,1,1,0,3,1,0,0,1,0,0,0,1,1,1,1,2,2,0,0,0,0,0,16,0,0,0,0,2,1,1,0,1,1,0,1,1,0,0,8
218,0,1,2,1,1,0,0,0,4,4,4,4,0,4,4,4,2,2,4,0,3,0,3,8,55,0,5,1,1,0,0,2,1,1,0,1,1,0,1,1,0,1,0,2,2,0,0,0,1,1,22,0,0,4,1,1,1,1,0,1,0,0,0,1,0,0,10
219,0,0,4,0,1,1,0,0,5,5,5,5,0,5,5,5,2,2,2,0,4,0,4,8,63,0,0,1,0,1,0,0,0,0,0,0,1,0,0,0,1,0,0,3,2,0,0,0,0,0,9,1,0,0,0,0,1,1,0,1,0,0,0,1,0,0,5
220,0,1,2,1,1,1,0,0,3,4,4,4,0,4,4,3,2,2,4,0,3,1,3,6,53,0,5,1,1,0,1,2,0,0,1,1,1,0,1,0,0,0,0,2,2,0,0,0,0,0,18,0,0,4,1,1,1,1,1,1,0,0,1,1,0,0,12
221,0,1,1,1,1,1,0,0,5,5,5,5,0,5,5,5,2,3,2,0,3,1,3,7,61,0,3,1,0,0,0,0,0,0,0,0,0,0,0,0,0,0,0,3,3,0,0,0,0,0,10,1,0,3,1,1,1,1,0,1,0,0,1,1,1,0,12
222,0,0,1,0,0,1,0,0,4,4,4,4,0,4,4,3,2,1,4,0,3,0,3,5,47,0,0,0,0,0,0,0,0,0,0,0,0,0,0,0,0,0,0,2,2,0,0,0,0,0,4,0,0,0,0,0,0,1,0,1,1,0,0,1,1,0,5
223,0,1,4,1,1,0,0,0,4,3,4,4,0,3,4,4,2,2,2,0,3,0,3,8,53,0,5,1,0,0,0,2,0,0,0,1,0,0,0,0,0,0,0,2,2,0,0,0,0,0,13,0,0,7,1,2,1,1,0,1,0,0,1,1,1,0,16
224,0,1,0,1,1,1,0,0,1,1,1,1,0,1,1,5,2,1,2,0,4,0,1,2,27,0,1,0,0,0,0,0,0,0,0,0,1,0,0,1,0,0,0,1,3,0,0,0,1,0,8,1,1,0,1,1,1,1,0,1,1,0,1,1,1,0,11
225,0,1,0,1,1,1,0,0,3,4,5,4,0,3,3,3,2,3,4,0,3,0,3,8,52,0,4,1,1,0,0,2,0,0,0,1,1,0,0,0,0,0,0,2,2,0,0,0,1,1,16,0,0,10,1,2,1,1,0,0,0,0,0,1,0,0,16
226,0,1,0,1,1,0,0,0,3,4,3,3,0,3,3,3,2,2,2,0,3,1,3,4,42,0,2,0,0,0,0,0,0,0,0,0,0,1,0,0,0,0,0,3,3,0,0,0,0,1,10,0,0,1,0,1,0,0,0,0,0,0,0,1,0,0,3
227,0,0,3,1,1,0,0,0,4,4,4,4,0,4,4,4,2,2,4,0,3,1,3,7,55,0,1,0,0,0,0,0,0,0,1,1,1,1,1,0,0,0,1,3,3,0,0,0,0,0,13,0,1,0,1,1,1,1,0,1,1,0,1,1,1,0,10
228,0,0,2,1,1,1,0,0,4,5,5,3,0,5,5,3,2,2,3,0,3,0,4,5,54,0,5,1,0,0,0,3,0,0,1,1,1,0,1,0,0,1,0,2,2,0,0,0,1,0,19,1,1,10,0,2,1,1,0,1,0,0,1,1,1,0,20
229,0,0,3,1,1,0,0,0,5,5,5,5,0,5,5,5,2,2,3,0,4,1,4,7,63,0,5,0,0,0,0,0,0,0,0,1,1,0,0,0,0,0,0,3,3,0,0,0,1,0,14,0,0,0,0,0,0,0,0,0,0,0,0,0,0,0,0
230,0,1,3,1,1,0,0,0,4,4,4,3,0,4,5,4,1,1,3,0,4,0,4,4,51,0,2,0,0,0,0,0,0,0,0,0,0,0,0,0,0,0,0,3,2,0,0,0,0,0,7,0,0,2,0,2,1,1,1,1,0,0,0,1,0,0,9
231,0,0,0,0,1,1,0,0,3,4,5,5,0,4,4,4,2,1,2,0,3,1,3,3,46,0,3,0,0,0,0,0,0,0,0,0,1,0,0,0,0,1,1,2,2,0,0,0,0,0,10,0,0,5,1,0,0,1,0,0,0,0,0,0,0,0,7
232,0,0,1,0,1,0,0,0,3,1,1,3,0,3,2,3,2,3,2,0,3,1,2,1,32,0,0,0,0,0,0,0,0,0,0,0,0,0,0,0,0,0,0,1,3,0,0,0,0,0,4,0,0,1,1,0,0,0,1,0,0,0,0,1,0,0,4
233,1,1,3,1,1,0,0,0,4,4,3,2,0,2,5,4,2,4,4,0,4,0,4,5,54,0,3,1,1,0,0,1,1,0,1,1,0,1,0,0,0,0,0,2,2,0,0,0,1,1,16,1,1,3,1,0,0,1,1,1,0,0,0,1,1,0,11
234,0,0,0,0,1,0,0,0,3,3,3,3,0,3,3,3,1,1,1,0,1,0,3,5,34,0,0,0,0,0,0,0,0,0,0,0,0,0,0,0,0,0,0,1,1,0,0,0,0,0,2,0,0,0,0,0,0,1,0,1,0,0,0,1,0,0,3
235,0,0,1,0,0,0,1,0,1,1,1,1,0,5,5,5,1,1,4,0,3,0,4,8,42,0,1,0,0,0,0,0,0,0,1,1,0,0,0,0,0,0,0,2,3,0,0,0,1,1,10,1,1,0,0,0,0,1,1,0,0,0,0,1,1,0,6
236,1,1,0,0,1,0,0,0,4,4,5,5,0,5,5,5,4,4,4,0,4,0,4,1,57,0,0,0,0,0,0,0,0,0,0,0,1,1,1,1,1,1,1,3,3,0,0,0,0,0,13,1,1,10,1,0,1,1,1,1,0,0,1,1,1,0,20
237,1,1,5,1,1,0,1,0,1,1,1,5,0,2,1,5,3,2,1,0,1,0,1,7,41,0,0,0,0,0,0,0,0,0,0,0,0,0,0,0,0,0,0,1,1,0,0,0,0,0,2,1,1,0,0,0,1,1,0,0,0,0,0,0,0,0,4
238,0,0,1,0,1,1,0,0,5,1,2,4,0,5,3,5,4,1,3,0,2,0,1,0,39,0,1,0,0,0,0,0,0,0,0,1,0,0,0,0,0,0,0,2,1,0,0,0,0,0,5,0,1,0,0,0,0,0,0,0,0,0,0,1,1,0,3
239,0,1,1,1,1,1,1,0,3,5,5,5,0,5,5,5,4,4,4,0,4,0,4,8,67,0,0,1,0,0,0,1,0,0,0,0,0,0,0,0,0,0,1,2,2,0,0,0,1,0,8,1,1,10,0,0,1,1,0,0,0,0,0,0,0,0,14
240,0,0,0,0,1,0,0,0,4,4,4,4,0,4,4,4,2,1,4,0,3,0,3,6,48,0,0,1,0,1,0,1,1,1,0,1,0,1,1,0,1,0,0,3,3,0,0,0,0,0,15,1,0,0,0,0,1,1,0,1,0,0,0,1,0,0,5
241,0,1,1,1,1,0,0,0,3,3,3,3,0,3,3,3,1,1,3,0,2,0,3,3,38,0,0,0,0,0,0,0,0,0,0,0,0,0,0,0,0,0,0,1,1,0,0,0,0,0,2,0,0,1,0,1,0,1,0,1,1,0,0,0,0,0,5
242,0,0,0,0,1,0,0,0,4,4,3,3,0,4,5,4,1,1,4,0,3,1,4,8,50,0,0,0,0,0,0,0,0,0,0,0,0,0,0,0,0,0,1,1,1,0,0,0,0,0,3,0,0,0,0,0,1,1,0,0,0,0,1,1,0,0,4
243,0,1,3,1,0,0,0,0,4,4,4,4,0,4,4,4,1,2,2,0,3,0,3,5,49,0,8,1,0,0,0,2,1,1,0,1,0,0,0,0,0,0,0,2,1,0,0,0,1,1,19,1,0,0,0,1,1,0,1,1,1,0,0,1,1,0,8
244,0,1,1,1,0,1,1,0,4,5,5,5,0,5,5,5,4,4,4,0,4,0,4,8,67,0,8,1,0,0,0,1,0,0,0,1,1,1,1,1,1,1,1,3,3,0,0,0,0,0,24,0,0,1,1,0,1,1,0,1,1,0,1,1,1,0,9
245,0,1,2,1,1,0,1,0,5,5,5,5,0,5,5,5,4,4,4,0,4,0,4,8,69,0,8,1,1,0,0,3,1,0,1,1,1,1,1,0,0,1,0,3,2,0,0,0,1,0,26,0,0,9,0,2,1,1,1,1,1,0,0,1,1,0,18
246,0,1,1,1,1,1,0,0,4,4,4,4,0,4,4,4,2,2,4,0,3,1,3,8,56,0,1,1,1,0,0,1,0,1,1,0,0,0,1,0,0,0,0,1,1,0,0,0,0,1,10,1,1,0,0,0,1,1,0,1,1,0,0,1,0,0,7
247,0,1,3,1,1,0,0,0,3,3,3,4,0,4,3,3,2,2,2,0,3,0,3,8,49,0,3,1,0,1,0,1,1,0,0,0,0,1,1,1,1,0,0,1,1,0,0,0,0,0,13,1,1,1,0,1,0,0,0,0,0,0,0,0,0,0,4
248,0,1,4,1,1,0,0,0,4,4,4,4,0,4,4,4,2,2,2,0,3,0,3,8,55,0,4,1,1,1,0,2,1,0,0,1,1,1,1,0,0,0,0,2,2,0,0,0,0,0,18,0,0,4,1,1,1,1,0,1,0,0,1,1,1,0,12
249,0,0,0,0,0,0,0,0,4,5,5,5,0,5,5,5,4,4,4,0,4,1,4,8,63,0,0,1,0,0,0,0,0,0,0,0,0,0,0,0,0,0,1,3,3,0,0,0,0,1,9,1,1,0,0,0,1,0,0,1,0,0,0,1,1,0,6
250,0,1,3,0,1,0,0,0,5,4,4,4,0,4,4,4,2,2,4,0,4,0,3,3,52,0,0,1,1,0,0,2,0,0,0,1,0,1,1,1,0,1,1,2,2,0,0,0,0,1,15,0,0,0,0,1,1,1,1,1,1,0,1,1,1,0,9
251,0,1,3,1,0,0,0,0,4,4,4,4,0,4,4,4,2,2,4,0,3,0,3,6,53,0,5,1,1,1,0,0,1,1,0,0,1,0,1,0,1,0,1,2,2,0,0,0,0,0,18,1,1,4,1,2,0,0,0,0,0,0,1,1,1,0,12
252,0,1,3,1,1,1,0,0,5,5,5,5,0,3,4,4,1,1,4,0,3,0,3,4,54,0,4,1,1,0,0,2,1,1,0,1,1,0,0,0,0,0,0,1,1,0,0,0,0,0,14,1,1,6,1,1,0,1,0,1,0,0,0,0,0,0,12
253,0,1,2,1,1,0,0,0,5,5,5,5,0,5,5,5,3,2,3,0,3,1,3,6,61,0,3,1,1,1,0,1,1,0,1,1,1,0,0,0,0,0,1,3,2,0,0,0,1,1,19,0,0,2,0,1,1,1,0,1,0,0,1,1,1,0,9
254,1,1,1,0,1,1,1,0,1,5,5,5,0,5,5,5,3,3,4,0,4,0,4,8,63,0,4,1,1,1,0,1,1,0,0,0,0,0,0,0,0,0,0,2,2,0,0,0,1,0,14,0,0,2,0,0,0,0,0,0,0,0,0,1,0,0,3
255,0,0,0,0,1,0,0,0,5,5,5,5,0,5,5,5,2,4,4,0,4,0,4,8,62,0,1,1,1,0,0,1,0,0,0,1,0,1,1,1,0,0,1,3,1,0,0,0,1,0,14,0,0,10,0,1,0,0,0,1,0,0,1,1,1,0,15
256,0,1,3,1,1,0,0,0,3,5,5,5,0,5,5,5,3,3,4,0,4,0,4,3,60,0,3,0,0,0,0,0,0,0,0,1,1,1,1,1,1,1,0,3,3,0,0,0,1,1,18,1,0,3,0,0,0,1,0,0,1,0,0,1,1,0,8
257,0,1,0,1,1,1,0,0,5,5,5,5,0,5,5,5,1,1,3,0,4,0,4,1,53,0,0,0,0,0,0,0,0,0,0,0,0,0,0,0,0,0,0,3,3,0,0,0,0,0,6,1,1,10,0,0,1,1,0,1,1,0,0,1,0,0,17
258,1,1,1,1,1,0,1,0,3,4,4,3,0,3,3,5,1,1,4,0,4,0,4,2,47,0,0,0,0,0,0,0,0,0,0,0,0,0,0,0,0,0,1,1,1,0,0,0,0,0,3,1,1,2,0,0,0,1,0,0,0,0,0,1,0,0,6
259,0,1,1,0,0,0,0,0,5,5,5,5,0,5,5,4,2,1,3,0,4,0,3,3,52,0,3,1,1,1,0,2,1,1,1,1,0,1,1,1,1,1,0,3,3,0,0,0,1,1,25,0,0,2,0,1,1,0,0,1,0,0,0,1,0,0,6
260,0,0,0,0,1,0,0,0,5,5,5,5,0,5,5,5,2,4,4,0,4,1,4,8,63,0,0,0,0,0,0,0,0,0,0,0,0,0,0,0,0,0,1,3,3,0,0,0,1,0,8,0,0,0,0,0,1,1,0,1,0,0,1,1,0,0,5
261,0,1,3,1,0,0,0,0,5,5,5,5,0,5,5,5,4,3,1,0,3,1,4,8,64,0,5,0,0,0,0,0,0,0,0,0,0,0,0,0,0,0,1,2,2,0,0,0,1,1,12,0,0,10,1,2,1,1,0,1,0,0,0,1,0,0,17
262,0,1,1,0,0,1,1,0,4,4,2,4,0,4,4,2,2,4,4,0,4,0,2,1,45,0,0,0,0,0,0,0,0,0,0,0,0,0,0,0,0,0,0,2,3,0,0,0,0,0,5,1,1,3,1,0,1,1,1,0,0,0,0,1,0,0,10
263,0,1,2,0,1,0,0,0,4,4,3,3,0,4,4,4,2,2,3,0,3,1,3,7,51,0,0,0,0,0,0,0,0,0,0,0,1,0,0,0,0,0,0,2,2,0,0,0,0,0,5,0,0,0,0,0,1,1,0,1,0,0,1,1,1,0,6
264,0,0,3,0,1,0,0,0,4,4,5,5,0,5,5,3,1,2,3,0,4,0,4,5,54,0,0,0,0,0,0,0,0,0,0,1,0,0,0,0,0,0,0,2,2,0,0,0,0,0,5,0,0,0,0,1,1,1,0,1,0,0,1,1,0,0,6
265,0,1,4,0,1,0,0,0,3,3,3,3,0,3,4,4,3,3,4,0,3,0,4,4,50,0,4,1,0,1,0,1,1,1,1,1,0,0,0,0,0,0,0,1,1,0,0,0,0,0,13,1,1,5,0,0,1,1,0,1,1,0,1,1,1,0,14
266,0,1,3,1,1,0,0,0,4,4,4,4,0,4,4,4,2,3,2,0,3,0,3,4,51,0,0,0,0,0,0,0,0,0,1,0,1,1,0,1,0,1,0,2,2,0,0,0,0,0,9,0,0,1,1,2,1,1,1,0,0,0,1,1,1,0,10
267,0,0,1,0,1,0,0,0,3,4,4,4,0,4,4,4,1,2,2,0,3,0,3,4,44,0,0,0,0,0,0,0,0,0,0,0,1,0,0,0,0,0,0,2,2,0,0,0,0,0,5,0,0,3,0,2,1,1,0,1,0,0,0,1,0,0,9
268,0,1,5,1,1,1,0,0,4,4,4,4,0,4,4,4,1,1,4,0,2,1,3,8,57,0,8,1,0,1,0,2,1,1,1,1,1,1,1,1,1,0,1,2,2,0,0,0,0,0,26,1,0,10,1,2,1,1,1,1,0,0,1,1,1,0,21
269,0,1,2,1,1,1,0,0,4,3,3,3,0,3,3,4,2,2,2,0,3,0,3,8,49,0,2,1,1,1,0,1,0,0,1,1,1,0,0,0,0,0,0,2,2,0,0,0,0,0,13,0,0,3,1,1,1,1,0,0,0,0,0,1,1,0,9
270,0,0,1,1,1,0,0,0,3,4,2,4,0,2,3,3,2,1,3,0,3,0,2,1,36,0,1,0,0,0,0,0,0,0,0,1,0,0,0,0,0,0,1,3,1,0,0,0,0,0,7,1,1,3,0,1,0,0,1,0,0,0,0,1,0,0,8
271,1,0,6,0,1,0,0,0,5,5,5,5,0,5,5,5,4,4,4,0,4,0,4,4,67,0,0,0,0,0,0,0,0,0,0,0,1,0,1,1,1,0,0,1,1,0,0,0,0,0,6,1,1,1,0,0,0,0,0,0,0,0,0,0,0,0,3
272,0,0,3,1,1,1,0,0,5,5,5,5,0,5,5,5,4,3,4,0,4,1,4,8,69,0,5,1,1,1,0,3,1,1,0,1,1,1,1,0,0,1,1,3,3,0,0,0,1,1,27,0,0,4,1,2,1,1,1,1,0,0,1,1,1,0,14
273,0,1,2,1,1,0,0,0,4,4,3,4,0,4,4,4,2,2,3,0,3,1,3,8,54,0,4,1,1,1,0,2,0,0,0,1,1,0,1,0,0,0,0,3,1,0,0,0,0,1,17,0,0,5,1,1,0,1,0,1,0,0,1,1,1,0,12
274,0,1,3,1,1,1,0,0,3,5,5,5,0,5,5,5,2,2,4,0,3,0,3,8,62,0,3,1,0,1,0,1,0,1,0,1,1,1,1,0,0,1,0,2,3,0,0,0,1,1,19,0,0,4,1,1,0,1,1,1,0,0,0,1,1,0,11
275,0,1,4,1,0,1,0,0,4,5,5,5,0,5,5,5,2,3,4,0,4,0,4,8,66,0,4,1,1,1,0,2,1,0,0,1,1,0,1,0,0,1,0,3,3,0,0,0,1,1,22,0,0,5,1,2,0,1,1,1,0,0,1,1,1,0,14
276,0,1,3,1,1,0,0,0,5,5,5,5,0,5,5,4,2,3,2,0,3,0,3,4,57,0,0,1,1,1,0,2,0,0,1,1,1,1,1,0,0,0,0,2,2,0,0,0,0,0,14,0,0,0,1,1,1,1,1,1,0,0,0,0,0,0,6
277,1,1,4,1,1,0,0,0,2,1,5,5,0,5,5,5,1,1,1,0,3,0,1,1,44,0,2,1,0,1,1,0,1,0,0,0,0,0,0,0,0,0,0,1,2,0,0,0,0,0,9,1,0,2,0,0,0,1,0,0,0,0,1,1,1,0,7
278,0,1,3,1,0,0,0,0,1,4,4,5,0,5,5,5,4,4,4,0,4,0,4,4,58,0,0,1,0,1,0,2,0,0,0,1,1,1,1,1,1,1,0,3,3,0,0,0,1,1,19,0,0,1,0,0,0,1,0,0,0,0,0,1,0,0,3
279,0,0,0,0,0,0,0,0,5,4,4,4,0,4,4,3,1,3,4,0,4,0,3,3,46,0,0,0,0,0,0,0,0,0,0,1,1,0,0,1,1,0,0,3,3,0,0,0,0,0,10,1,0,0,0,0,1,0,0,1,0,0,0,1,1,0,5
280,0,1,1,1,1,0,0,0,5,4,4,4,0,4,4,4,3,3,3,0,3,1,3,8,57,0,8,0,0,0,0,0,0,0,1,1,0,1,0,1,1,1,0,2,3,0,0,0,1,1,21,1,1,10,0,1,0,1,0,1,1,0,0,1,0,0,17
281,0,1,3,1,1,0,0,0,3,4,4,4,0,4,4,4,3,3,4,0,4,1,3,8,59,0,6,1,1,1,0,1,0,0,1,1,1,0,0,1,1,0,0,3,3,0,0,0,1,0,22,0,0,6,1,2,1,1,1,0,0,0,0,1,0,0,13
282,0,1,3,0,1,0,0,0,3,4,4,4,0,4,4,4,2,3,4,0,3,0,3,4,51,0,3,0,0,0,0,0,0,0,1,0,1,1,1,0,0,0,0,2,2,0,0,0,1,1,13,0,0,3,0,0,1,0,0,0,0,0,0,1,1,0,6
283,0,0,6,1,1,0,0,0,5,5,5,5,0,5,5,4,3,2,2,0,4,0,4,8,65,0,8,1,1,0,0,0,0,0,0,0,0,0,0,0,0,0,0,1,1,0,0,0,1,1,14,0,0,9,1,1,1,1,1,0,0,0,1,1,0,0,16
284,0,1,3,1,1,0,0,0,4,5,5,5,0,5,5,5,2,2,3,0,4,0,3,8,62,0,6,1,1,0,0,2,0,1,0,1,1,1,1,1,0,0,0,2,2,0,0,0,1,0,21,0,0,6,1,1,0,1,1,1,0,0,0,1,0,0,12
285,0,1,3,1,1,1,0,0,4,5,5,5,0,5,5,5,2,3,4,0,4,1,4,8,67,0,4,1,1,1,0,3,1,1,0,1,1,0,0,0,0,0,0,3,3,0,0,0,0,0,20,0,0,2,1,1,0,1,0,1,0,0,0,1,1,0,8
286,0,1,2,1,1,0,0,0,4,4,4,4,0,4,4,4,2,3,3,0,3,0,3,8,55,0,5,1,0,1,0,2,0,1,1,1,1,1,1,0,0,1,1,2,2,0,0,0,1,1,23,0,0,4,1,1,1,1,1,1,1,0,0,1,1,0,13
287,1,1,3,1,1,0,0,0,5,5,5,5,0,5,5,5,2,2,4,0,4,0,4,8,66,0,5,1,0,0,0,3,0,0,1,1,1,0,0,1,1,1,0,2,2,0,0,0,1,0,20,1,0,10,1,1,1,1,0,1,0,0,1,1,1,0,19
288,0,1,0,1,1,0,0,0,3,5,5,5,0,5,3,5,2,4,2,0,4,0,4,8,58,0,3,1,0,1,0,2,0,0,0,1,0,0,0,0,0,1,0,2,2,0,0,0,0,1,14,0,0,8,1,2,1,1,0,1,0,0,0,1,0,0,15
289,0,1,4,1,1,0,0,0,5,5,5,5,0,5,5,5,2,2,4,0,4,0,4,5,63,0,2,1,0,0,0,3,1,0,1,1,1,0,0,0,0,0,0,2,2,0,0,0,1,0,15,0,0,4,1,1,1,1,1,1,0,0,1,1,1,0,13
290,0,1,5,1,1,0,0,0,5,5,5,5,0,5,5,5,3,4,4,0,4,0,4,8,70,0,4,1,1,0,0,3,1,0,0,0,1,1,1,0,1,1,0,3,3,0,0,0,1,1,23,0,0,4,0,2,1,1,0,1,0,0,1,1,1,0,12
291,0,1,3,1,1,0,0,0,4,5,5,5,0,5,5,3,2,2,3,0,3,0,3,3,54,0,2,0,0,0,0,0,0,0,0,1,1,1,1,0,0,0,0,2,2,0,0,0,1,1,12,0,0,6,1,2,1,1,0,1,0,0,0,1,1,0,14
292,0,1,6,1,1,1,0,0,3,4,4,4,0,3,3,4,2,4,4,0,4,0,3,8,60,0,3,1,1,0,0,3,1,0,0,1,1,0,1,0,0,1,0,3,3,0,0,0,0,1,20,1,0,8,1,2,1,1,0,0,0,0,0,1,1,0,16
293,0,1,3,1,0,1,0,0,5,5,5,5,0,5,5,5,3,4,3,0,4,0,4,5,64,0,5,1,0,1,0,3,0,0,1,1,0,0,0,0,1,0,1,3,3,0,0,0,1,0,21,1,0,7,0,1,1,0,1,1,0,0,0,1,0,0,13
294,0,1,3,1,1,0,0,0,4,4,4,4,0,4,4,4,2,2,4,0,3,1,3,8,57,0,4,1,0,1,0,2,0,0,1,1,1,1,1,1,1,0,1,3,3,0,0,0,0,1,23,1,0,6,0,2,0,1,1,1,0,0,1,1,1,0,15
295,0,1,3,1,1,1,0,0,5,4,5,4,0,3,4,4,2,2,3,0,3,0,4,3,53,0,7,1,0,0,0,2,0,1,1,1,0,0,0,0,0,0,0,2,2,0,0,0,1,0,18,0,0,8,1,1,0,1,0,1,0,0,0,1,1,0,14
296,0,0,0,0,1,0,0,0,5,2,5,4,0,3,2,3,1,3,1,0,1,0,2,1,34,0,1,0,0,0,0,0,0,0,0,0,0,0,0,0,0,0,0,2,1,0,0,0,0,0,4,1,1,1,0,0,0,0,0,0,1,0,0,0,0,0,4
297,1,1,6,1,1,1,0,0,5,5,4,4,0,4,4,4,1,3,2,0,1,0,4,8,60,0,7,0,0,0,0,0,0,0,0,0,0,0,0,0,0,0,0,3,3,0,0,0,0,0,13,0,0,10,0,0,1,1,0,1,0,0,0,1,0,0,14
298,0,1,2,1,1,0,0,0,5,5,5,5,0,5,5,5,4,4,4,0,4,0,4,5,65,0,4,1,0,1,0,2,0,0,1,0,1,1,1,1,1,1,1,3,3,0,0,0,1,1,24,1,0,5,1,1,1,1,1,1,0,0,1,1,1,0,15
299,0,1,3,1,0,0,0,0,4,4,4,4,0,4,4,4,2,2,2,0,3,1,3,5,51,0,4,1,1,1,0,1,1,1,0,1,1,1,0,1,1,0,0,2,2,0,0,0,0,0,19,1,0,4,1,0,1,0,1,1,0,0,1,0,0,0,10
300,0,0,1,0,1,0,0,0,5,5,5,5,0,4,5,5,4,4,4,0,4,0,4,8,64,0,1,0,0,0,0,0,0,0,0,0,0,0,0,0,0,0,0,1,1,0,0,0,0,0,3,1,1,10,0,0,1,1,0,1,1,0,1,1,1,0,19
301,0,0,3,1,1,0,0,0,5,4,4,4,0,4,4,4,1,1,3,0,3,1,3,8,54,0,0,0,0,0,0,0,0,0,1,0,0,0,0,0,0,1,0,2,2,0,0,0,0,0,6,0,0,0,0,2,1,1,0,1,0,0,0,1,0,0,6
302,0,1,3,1,1,0,0,0,4,4,4,4,0,4,4,4,2,2,3,0,3,1,3,4,52,0,3,1,1,0,0,2,1,0,0,1,1,0,1,0,1,0,1,2,2,0,0,0,1,0,18,1,0,3,1,1,1,1,0,1,0,0,1,1,1,0,12
303,0,1,0,0,1,0,0,0,5,4,4,4,0,4,4,4,4,4,4,0,4,0,3,8,58,0,8,0,0,0,0,0,0,0,0,0,0,1,1,1,1,1,0,2,2,0,0,0,0,0,17,1,1,6,0,0,1,1,1,0,0,0,0,1,1,0,13
304,0,0,2,0,1,0,0,0,4,5,4,4,0,5,5,5,1,2,2,0,3,0,4,3,50,0,1,0,0,0,0,0,0,0,0,0,0,0,0,0,0,0,0,2,2,0,0,0,0,0,5,0,0,1,1,1,1,1,0,1,0,0,0,0,0,0,6
305,0,1,5,1,1,1,0,0,3,5,5,5,0,5,5,5,4,4,4,0,4,0,4,8,70,0,8,1,1,1,0,3,1,0,1,1,1,0,1,0,0,1,0,2,3,0,0,0,1,1,27,0,0,5,0,1,1,1,0,1,0,0,1,0,0,0,10
306,0,1,3,1,1,1,0,0,3,1,5,5,0,5,5,5,3,4,4,0,4,0,4,8,63,0,5,1,0,1,0,2,1,1,0,1,1,1,1,1,0,1,0,2,2,0,0,0,1,1,23,1,0,5,1,0,1,1,1,1,1,0,0,1,0,0,13
307,0,1,2,1,1,0,1,0,3,5,5,5,0,5,5,5,2,2,4,0,4,1,4,8,64,0,8,0,0,0,0,0,0,0,0,0,0,0,0,0,0,0,1,3,3,0,0,0,1,1,17,0,0,4,0,1,1,0,1,1,0,0,1,1,0,0,10
308,0,1,5,1,1,1,0,0,5,5,5,5,0,5,5,5,2,3,2,0,4,0,4,8,67,0,6,1,0,1,0,2,0,1,1,1,0,0,0,1,1,0,0,3,3,0,0,0,0,1,22,0,0,7,1,2,1,0,1,1,0,0,0,1,1,0,15
309,0,1,3,1,1,1,0,0,3,3,4,4,0,4,3,2,2,2,4,0,3,0,3,5,49,0,0,1,1,0,0,3,0,0,0,1,1,0,0,1,1,0,0,2,2,0,0,0,0,0,13,0,0,0,1,1,1,1,1,1,0,0,0,1,1,0,8
310,0,1,4,1,0,0,1,0,4,5,4,4,0,4,4,4,2,2,3,0,3,0,4,6,56,0,4,1,1,0,0,3,1,0,1,1,1,1,1,1,0,0,0,3,3,0,0,0,1,1,24,1,0,3,0,2,1,1,1,1,0,0,1,1,1,0,13
311,0,0,3,1,1,0,0,0,3,4,4,4,0,4,4,4,1,1,2,0,3,0,3,8,50,0,0,0,0,0,0,0,0,0,0,0,0,0,0,0,0,0,0,3,3,0,0,0,0,0,6,0,0,3,0,0,1,1,0,1,0,0,0,1,0,0,7
312,1,0,0,0,1,1,1,0,4,3,3,3,0,4,4,4,1,1,1,0,3,1,3,5,44,0,1,0,0,0,0,0,0,0,1,0,0,0,0,0,0,0,0,2,2,0,0,0,1,1,8,1,0,0,0,0,0,1,0,0,1,0,1,1,1,0,6
313,0,0,1,1,1,0,0,0,4,3,3,3,0,3,3,4,3,2,2,0,3,1,3,3,43,0,2,0,0,0,0,0,0,0,0,0,0,0,0,0,0,1,0,2,3,0,0,0,0,0,8,0,0,4,0,2,0,1,0,1,1,0,0,1,0,0,10
314,0,0,0,0,1,1,0,0,4,4,4,4,0,4,4,3,2,2,3,0,3,0,3,4,46,0,0,0,0,0,0,0,0,0,0,1,1,0,0,0,0,0,0,2,2,0,0,0,0,0,6,0,0,0,0,0,0,1,1,1,0,0,0,1,1,0,5
315,0,1,2,0,1,0,0,0,4,4,4,4,0,4,4,4,2,3,4,0,3,1,3,6,54,0,0,0,0,0,0,0,0,0,0,1,0,0,0,0,0,1,0,2,2,0,0,0,0,1,7,0,0,0,1,1,1,1,0,1,0,0,0,1,1,0,7
316,0,1,2,0,1,1,1,0,5,5,5,5,0,5,5,4,2,2,2,0,3,0,3,5,57,0,2,1,0,1,1,2,0,1,1,1,0,0,0,1,1,1,0,2,3,0,0,0,0,0,18,1,0,3,1,1,1,1,1,1,0,0,0,1,0,0,11
317,0,1,2,1,1,0,0,0,3,4,4,4,0,4,4,4,1,2,2,0,2,0,3,6,48,0,5,1,1,0,0,2,1,0,0,1,0,0,0,0,0,1,0,2,1,0,0,0,0,0,15,0,0,6,0,2,0,1,1,1,0,0,0,1,0,0,12
318,0,0,6,1,1,0,0,0,4,2,4,4,0,4,4,4,2,3,2,0,3,0,3,8,55,0,7,0,0,0,0,0,0,0,0,0,0,0,0,0,0,0,0,2,2,0,0,0,0,0,11,1,0,9,1,2,1,1,0,1,0,0,0,1,0,0,17
319,1,1,0,0,1,0,0,0,2,4,5,5,0,5,5,5,2,1,4,0,4,0,4,1,50,0,0,1,0,1,1,0,1,0,0,0,1,1,0,0,0,0,0,1,1,0,0,0,0,0,8,1,0,0,0,1,1,1,0,1,0,0,0,1,0,0,6
320,0,1,5,1,1,0,0,0,3,4,4,4,0,4,4,3,2,2,3,0,3,0,3,8,55,0,8,1,1,1,0,3,0,0,0,0,1,1,1,0,0,0,0,2,2,0,0,0,0,0,21,0,0,10,1,1,1,1,0,1,0,0,1,1,1,0,18
321,0,1,4,1,1,0,0,0,4,5,5,5,0,5,4,4,2,3,4,0,3,0,3,7,61,0,6,1,1,0,0,3,1,1,1,1,0,0,0,0,1,0,0,3,3,0,0,0,0,0,22,0,0,6,1,2,1,1,0,0,0,0,1,1,1,0,14
322,0,1,4,1,1,1,0,0,4,5,5,5,0,5,5,5,2,4,4,0,4,1,4,6,67,0,4,1,1,0,0,3,1,0,1,1,1,1,1,1,0,0,1,3,3,0,0,0,1,1,25,0,0,5,1,2,1,1,1,1,0,0,1,1,1,0,15
323,0,1,4,1,1,0,0,0,4,4,4,4,0,4,4,4,2,3,2,0,3,0,3,6,54,0,5,1,1,0,1,1,0,0,0,1,1,0,0,1,0,1,0,2,2,0,0,0,1,1,19,0,0,8,1,1,0,1,0,1,0,0,0,1,0,0,13
324,0,1,2,1,1,1,0,0,4,4,4,4,0,4,4,4,3,3,3,0,3,1,2,1,50,0,2,0,0,0,0,0,0,0,0,0,0,1,1,0,1,0,0,2,2,0,0,0,1,1,11,0,0,2,0,0,0,1,0,0,0,0,1,1,0,0,5
325,0,1,3,1,1,0,0,0,4,5,5,5,0,5,5,4,3,3,3,0,3,0,3,8,62,0,8,1,1,1,1,2,0,0,0,1,1,1,1,0,0,1,1,3,3,0,0,0,1,1,28,0,0,7,1,2,0,1,0,0,0,0,1,1,1,0,14
326,0,1,2,0,1,1,0,0,3,4,4,4,0,4,4,4,2,2,3,0,3,1,3,4,50,0,2,0,0,0,0,0,0,0,0,1,1,1,1,0,0,0,0,2,2,0,0,0,0,0,10,0,0,2,0,0,0,1,1,1,0,0,1,1,1,0,8
327,0,1,2,1,1,0,0,0,5,5,5,5,0,5,5,5,2,2,4,0,4,0,4,8,64,0,4,1,0,1,0,3,1,1,1,0,0,1,1,0,0,1,0,2,2,0,0,0,1,1,21,0,0,5,0,1,1,1,1,1,0,0,0,1,1,0,12
328,0,1,3,1,1,1,0,0,5,5,5,5,0,5,5,5,2,4,4,0,4,1,4,6,67,0,4,1,1,0,0,3,1,0,1,1,1,1,1,1,0,0,1,3,3,0,0,0,1,1,25,0,0,5,1,2,1,1,1,1,0,0,1,1,1,0,15
329,0,0,1,1,1,0,0,0,2,5,5,5,0,3,3,4,2,1,3,0,4,0,4,6,50,0,5,1,1,0,0,2,1,1,1,1,0,0,0,1,1,1,0,3,2,0,0,0,0,0,21,0,0,5,0,1,0,1,1,1,1,0,0,1,0,0,11
330,1,1,1,0,1,0,0,0,4,1,1,1,0,1,1,3,3,3,4,0,4,1,2,1,34,0,0,0,0,0,0,0,0,0,0,0,0,0,0,0,0,0,0,2,2,0,0,0,0,0,4,1,1,1,0,0,0,0,0,1,1,0,1,1,1,0,8
331,0,0,0,0,1,0,0,0,5,5,5,5,0,5,5,5,2,1,2,0,4,0,4,1,50,0,0,0,0,0,0,0,0,0,0,0,0,0,0,0,0,0,0,2,2,0,0,0,0,0,4,0,0,0,0,0,0,1,0,0,0,0,0,0,0,0,1
332,0,0,0,0,0,0,0,0,3,4,4,4,0,3,3,3,1,1,1,0,2,0,2,1,32,0,0,0,0,0,0,0,0,0,0,0,0,0,0,0,0,0,0,1,1,0,0,0,0,1,3,0,0,0,1,0,0,0,0,0,0,0,0,1,0,0,2
333,0,0,0,0,0,0,0,0,1,1,1,1,0,3,3,3,1,1,1,0,4,0,2,1,23,0,2,0,0,0,0,0,0,0,0,0,0,0,1,0,0,0,0,3,2,0,0,0,1,1,10,1,0,1,0,0,0,1,0,0,0,0,0,1,0,0,4
334,0,0,0,0,1,0,0,0,3,5,5,5,0,5,5,5,1,1,1,0,4,0,4,0,45,0,1,1,0,0,0,0,0,0,0,0,0,0,0,0,0,0,0,1,1,0,0,0,0,0,4,1,1,0,0,0,1,1,0,0,0,0,0,1,0,0,5
335,0,1,2,1,1,0,0,0,5,5,5,5,0,5,5,5,4,4,4,0,4,0,4,8,68,0,8,1,0,0,0,3,1,1,0,1,1,1,1,1,1,1,0,3,3,0,0,0,1,1,29,1,1,10,1,2,0,1,1,1,1,0,1,1,1,0,22
336,0,0,0,0,1,0,0,0,3,3,3,3,0,3,3,3,1,1,1,0,1,1,2,1,30,0,1,0,0,0,0,0,0,0,0,0,0,1,0,0,0,1,1,3,2,0,0,0,0,0,9,0,0,1,1,0,0,1,0,1,1,0,0,1,0,0,6
337,0,0,2,0,0,1,0,0,3,4,5,5,0,5,5,3,2,2,2,0,3,0,4,8,54,0,1,1,1,0,0,1,1,0,0,1,1,0,0,0,0,0,0,2,2,0,0,0,0,0,11,0,0,0,0,0,1,1,0,1,0,0,1,1,1,0,6
338,0,0,0,0,1,0,0,0,3,3,2,2,0,2,2,2,1,1,1,0,3,0,2,1,26,0,0,0,0,0,0,0,0,0,0,0,1,1,0,1,0,0,0,2,2,0,0,0,0,0,7,1,1,0,0,0,1,0,0,0,0,0,1,1,0,0,5
339,0,0,0,0,1,0,0,0,3,5,5,5,0,5,5,5,2,1,4,0,3,0,4,8,56,0,0,0,0,0,0,0,0,0,0,0,0,0,0,0,0,0,0,2,2,0,0,0,0,0,4,0,0,5,0,0,1,1,0,1,1,0,1,1,0,0,11
340,1,1,1,0,1,0,0,0,2,1,3,1,0,1,3,3,3,2,3,0,2,0,2,1,31,0,0,0,0,0,0,0,0,0,0,0,0,1,0,0,0,0,0,3,2,0,0,0,1,1,8,0,0,0,0,1,0,1,0,0,1,0,0,1,0,0,4
341,0,1,2,0,1,0,0,0,2,4,3,4,0,3,3,3,1,1,4,0,3,0,3,2,40,0,0,0,0,0,0,0,0,0,0,0,0,1,1,0,0,1,0,2,2,0,0,0,0,0,7,0,0,3,1,1,1,1,0,1,0,0,0,0,0,0,8
342,0,1,1,1,1,0,0,0,3,3,3,3,0,3,3,3,2,2,4,0,4,0,4,4,45,0,0,1,1,1,0,1,1,1,0,0,0,0,1,0,0,0,0,3,2,0,0,0,0,0,12,0,0,0,0,0,0,1,0,1,0,0,1,1,0,0,4
343,0,1,2,1,1,0,0,0,4,3,4,4,0,4,4,4,2,2,2,0,3,0,3,8,52,0,0,1,1,0,0,2,1,0,0,1,1,0,0,0,0,0,0,1,1,0,0,0,0,0,9,0,0,7,0,2,1,1,1,1,0,0,0,0,0,0,13
344,1,1,4,1,1,0,0,0,4,1,4,5,0,5,5,5,1,2,4,0,4,0,4,4,56,0,4,0,0,0,0,0,0,0,1,0,0,1,1,0,0,0,1,2,1,0,0,0,0,0,11,1,1,3,0,1,0,1,0,0,1,0,1,1,0,0,10
345,0,1,1,0,1,0,0,0,1,3,3,5,0,5,5,3,2,2,4,0,4,0,4,1,45,0,0,0,0,0,0,0,0,0,0,0,0,0,0,0,0,0,0,1,1,0,0,0,0,0,2,1,1,0,0,0,1,1,0,1,0,0,1,1,0,0,7
346,0,1,0,0,1,1,0,0,4,5,5,5,0,5,5,5,2,2,3,0,3,0,3,3,53,0,4,1,0,1,0,2,0,0,0,1,0,0,0,0,0,0,0,3,3,0,0,0,1,1,17,1,0,8,1,1,1,1,0,1,1,0,0,1,0,0,16
347,0,0,0,0,1,0,0,0,3,3,3,3,0,3,3,3,4,4,4,0,4,0,4,2,44,0,2,0,0,0,0,0,0,0,0,0,0,0,0,0,0,0,0,2,2,0,0,0,0,0,6,0,0,0,0,0,0,1,0,0,0,0,0,1,0,0,2
348,0,1,4,1,1,1,1,0,4,4,4,4,0,4,4,4,3,2,2,0,3,0,1,1,49,0,4,0,0,0,0,0,0,0,0,0,1,0,1,1,1,0,1,1,2,0,0,0,1,0,13,1,0,1,0,1,0,0,0,0,0,0,0,1,0,0,4
349,0,0,1,1,1,1,0,0,2,2,2,5,0,4,4,4,3,3,3,0,3,1,3,1,44,0,1,0,0,0,0,0,0,0,0,1,0,1,0,0,0,0,0,2,2,0,0,0,1,1,9,0,0,1,0,0,0,0,0,0,0,0,0,1,0,0,2
350,0,1,6,1,1,1,0,0,4,4,4,4,0,4,4,4,2,2,2,0,3,0,3,8,58,0,8,0,0,0,0,0,0,0,1,1,0,0,0,0,0,0,0,2,2,0,0,0,0,0,14,0,0,10,0,0,0,1,0,1,0,0,0,1,1,0,14
351,0,0,3,1,1,0,0,0,2,4,5,5,0,5,5,5,2,2,2,0,3,0,4,8,57,0,4,1,1,1,0,2,0,1,1,1,0,1,1,1,1,1,1,3,3,0,0,0,1,1,26,0,0,4,1,1,0,1,1,1,0,0,1,1,0,0,11
352,0,1,2,1,0,0,0,0,5,5,5,5,0,5,5,5,2,4,3,0,4,0,4,4,60,0,1,0,0,0,0,0,0,0,0,0,1,0,0,0,0,0,0,2,2,0,0,0,0,0,6,0,1,4,1,1,1,0,0,1,0,0,0,1,0,0,10
353,0,0,1,0,1,0,0,0,5,4,4,4,0,4,5,5,1,1,1,0,3,1,4,1,45,0,0,0,0,0,0,0,0,0,0,0,0,0,0,0,0,0,0,2,2,0,0,0,0,0,4,0,0,0,1,1,1,1,0,0,0,0,0,1,0,0,5
354,0,1,3,0,1,0,0,0,5,5,5,5,0,5,5,5,4,4,4,0,4,0,4,8,68,0,4,0,0,0,0,0,0,0,0,0,0,0,0,0,0,0,1,2,3,0,0,0,1,1,12,0,0,3,0,1,0,1,0,0,0,0,0,1,1,0,7
355,0,0,2,1,1,0,0,0,4,4,4,4,0,4,4,4,2,1,3,0,3,0,3,0,44,0,3,1,0,1,0,2,1,1,1,1,0,0,0,1,0,1,1,3,3,0,0,0,1,1,22,0,0,3,1,1,1,1,1,1,0,0,1,1,0,0,11
356,0,0,3,1,0,0,0,0,3,4,4,4,0,4,4,4,2,2,3,0,3,0,3,6,50,0,2,1,1,0,0,2,0,0,1,0,0,0,0,0,0,0,0,2,2,0,0,0,0,0,11,0,0,0,0,1,1,0,0,1,0,0,0,1,0,0,4
357,0,1,4,1,1,1,0,0,4,4,4,4,0,4,4,4,1,1,2,0,3,1,3,8,55,0,0,1,0,0,0,0,0,0,0,0,0,0,0,0,0,0,0,2,2,0,0,0,0,0,5,0,0,0,0,0,1,1,0,1,1,0,1,1,0,0,6
358,0,1,2,1,1,1,0,0,3,5,4,4,0,5,5,5,2,2,4,0,4,0,4,4,57,0,7,1,0,1,0,2,0,0,0,1,0,0,0,1,1,0,0,2,2,0,0,0,1,1,20,1,0,7,0,1,1,1,0,1,0,0,0,1,1,0,14
359,0,0,5,1,1,1,0,0,4,4,4,4,0,4,4,4,3,3,3,0,3,0,3,7,58,0,5,1,1,1,0,2,1,0,1,1,1,1,1,0,0,0,0,3,3,0,0,0,1,1,24,0,0,3,1,1,1,1,1,1,0,0,1,1,1,0,12
360,0,1,2,1,0,1,0,0,4,5,5,5,0,5,5,5,2,2,2,0,4,0,4,4,57,0,2,1,0,0,0,3,1,1,1,0,1,1,1,1,0,0,0,2,2,0,0,0,1,1,19,0,0,3,0,2,1,1,1,1,0,0,0,1,1,0,11
361,0,1,1,1,1,0,0,0,5,5,4,4,0,4,4,4,2,2,2,0,3,1,3,5,52,0,4,1,1,0,0,1,1,0,0,1,1,1,1,0,0,1,1,2,2,0,0,0,1,1,20,0,0,5,1,1,1,1,1,1,0,0,0,1,0,0,12
362,0,1,2,1,1,1,0,0,4,4,4,4,0,2,4,4,2,2,3,0,3,1,3,4,50,0,3,1,1,1,0,1,0,0,0,1,0,0,1,0,0,0,0,3,2,0,0,0,1,0,15,0,0,3,0,1,0,1,0,1,0,0,0,1,0,0,7
363,0,0,2,0,1,0,0,0,4,4,4,4,0,4,4,4,2,2,2,0,3,0,3,2,45,0,0,0,0,0,0,0,0,0,1,1,0,0,0,0,0,0,0,2,2,0,0,0,0,0,6,0,0,3,1,2,1,1,0,1,0,0,0,0,0,0,9
364,0,1,4,1,1,1,0,0,4,5,5,5,0,4,5,4,2,2,3,0,3,0,4,5,59,0,3,1,1,1,0,2,0,1,1,0,0,1,1,0,0,0,0,2,2,0,0,0,0,1,17,0,0,3,1,2,1,1,1,1,0,0,1,1,1,0,13
365,1,1,0,0,1,0,1,0,5,5,5,5,0,5,5,5,4,4,4,0,4,0,4,0,59,0,0,0,0,0,0,0,0,0,0,0,0,0,0,0,0,0,0,1,1,0,0,0,0,0,2,1,1,0,0,0,1,1,0,1,1,0,0,1,0,0,7
366,0,1,2,0,1,0,0,0,2,4,4,5,0,5,5,5,2,3,4,0,4,0,4,5,56,0,0,0,0,0,0,0,0,0,0,0,0,0,0,0,0,0,0,2,3,0,0,0,0,0,5,1,1,10,1,1,1,1,1,1,0,0,0,1,1,0,20
367,0,1,3,0,1,0,0,0,3,4,4,4,0,4,4,4,2,2,4,0,3,1,3,3,50,0,4,0,0,0,0,0,0,0,0,0,0,0,0,0,0,0,0,1,1,0,0,0,0,0,6,0,0,5,0,2,0,1,1,0,0,0,0,1,0,0,10
368,1,0,0,0,1,1,0,0,1,5,5,5,0,5,1,5,1,4,4,0,4,0,4,8,55,0,1,0,0,0,0,0,0,0,1,0,0,0,0,0,0,0,0,1,2,0,0,0,1,0,6,1,1,10,0,1,0,1,0,0,1,0,0,1,0,0,16
369,0,0,0,0,0,0,0,0,5,5,5,5,0,5,5,5,4,4,4,0,4,0,4,1,56,0,0,0,0,0,0,0,0,0,0,0,0,0,0,0,0,0,0,1,1,0,0,0,0,0,2,1,1,0,0,0,0,1,0,1,1,0,1,1,0,0,7
370,0,0,2,0,0,0,0,0,5,5,5,5,0,5,5,5,1,1,4,0,3,0,4,8,58,0,0,0,0,0,0,0,0,0,0,1,1,0,0,0,1,0,0,1,1,0,0,0,0,0,5,0,0,0,0,1,1,1,0,1,1,0,0,0,0,0,5
371,0,0,0,0,1,0,0,0,4,4,4,4,0,3,3,3,1,1,1,0,3,0,3,0,35,0,0,0,0,0,0,0,0,0,0,0,0,0,0,0,0,0,0,1,1,0,0,0,0,0,2,0,0,0,0,0,1,1,0,1,1,0,0,0,0,0,4
372,0,1,0,0,1,0,1,0,4,4,4,4,0,4,4,4,2,1,4,0,3,1,3,2,47,0,2,1,0,1,0,1,1,0,0,1,1,1,1,1,1,1,1,2,2,0,0,0,1,0,19,1,0,3,0,0,1,1,1,1,1,0,1,1,1,0,12
373,0,1,2,1,1,0,0,0,3,4,3,3,0,3,4,4,2,2,2,0,3,0,4,8,50,0,0,0,0,0,0,0,0,0,0,0,0,0,0,0,0,0,1,2,2,0,0,0,0,0,5,0,0,4,1,1,1,1,0,1,1,0,0,1,0,0,11
374,0,1,4,1,1,1,0,0,4,4,4,4,0,4,4,4,2,2,2,0,3,1,3,8,57,0,0,1,1,1,0,0,0,0,0,0,0,0,0,0,0,0,1,1,1,0,0,0,0,0,6,1,1,0,1,0,0,1,0,1,0,0,0,1,0,0,6
375,0,0,0,0,1,0,0,0,5,5,5,5,0,5,5,5,2,2,4,0,4,1,4,3,56,0,0,1,0,0,0,1,1,0,0,0,0,0,0,1,1,1,1,3,2,0,0,0,0,0,12,0,0,0,0,0,0,0,0,0,0,0,0,0,0,0,0
376,0,0,0,0,1,0,0,0,3,3,3,3,0,3,3,3,1,1,2,0,3,0,3,8,40,0,0,0,0,0,0,0,0,0,0,0,0,0,0,0,0,0,0,2,2,0,0,0,0,0,4,0,0,0,0,0,1,1,0,1,0,0,1,0,0,0,4
377,0,1,4,1,1,0,0,0,5,5,5,5,0,5,5,5,2,3,4,0,4,0,4,7,66,0,4,0,0,0,0,0,0,0,0,1,1,0,0,0,0,1,0,3,3,0,0,0,1,1,15,0,0,5,1,1,1,1,1,1,0,0,1,1,1,0,14
378,0,1,2,1,1,0,0,0,4,5,4,3,0,4,3,4,2,2,3,0,3,1,3,4,50,0,0,1,0,0,0,2,1,1,0,0,0,0,0,0,0,0,1,3,2,0,0,0,0,0,11,0,0,0,0,2,0,1,0,1,0,0,0,1,1,0,6
379,0,0,0,0,1,0,0,0,5,5,5,5,0,5,5,5,4,4,4,0,4,0,4,0,56,0,0,0,0,0,0,0,0,0,0,0,0,0,0,0,0,0,0,1,1,0,0,0,0,0,2,1,1,0,0,0,0,0,0,0,0,0,0,0,0,0,2
380,0,0,0,0,1,0,0,0,4,5,5,5,0,5,5,3,1,1,4,0,3,1,3,4,50,0,0,0,0,0,0,0,0,0,0,1,0,0,0,0,0,0,0,3,2,0,0,0,0,0,6,1,0,0,0,0,1,1,0,1,0,0,1,1,1,0,7
381,0,0,0,0,0,0,0,0,4,4,4,4,0,4,4,4,2,2,4,0,3,0,3,8,50,0,0,0,0,0,0,0,0,0,0,0,0,0,0,0,0,0,0,2,2,0,0,0,1,1,6,0,0,0,0,0,0,0,0,1,0,0,0,1,1,0,3
382,0,1,3,1,0,1,0,0,3,3,3,4,0,4,4,4,1,2,4,0,3,0,3,4,48,0,6,1,0,0,0,1,0,0,0,1,0,0,0,0,1,0,0,2,2,0,0,0,0,0,14,1,0,4,1,1,1,0,0,1,0,0,0,1,0,0,10
383,0,0,2,0,0,0,0,0,4,4,4,4,0,4,4,4,2,2,1,0,3,0,3,4,45,0,2,1,0,0,0,0,0,0,0,0,0,0,0,0,0,0,0,3,3,0,0,0,0,0,9,0,0,0,0,0,1,0,0,1,0,0,0,1,0,0,3
384,0,0,2,0,1,0,0,0,3,5,5,5,0,5,5,5,3,1,4,0,4,0,4,7,59,0,5,1,0,1,0,2,1,0,1,1,1,0,0,1,0,0,0,3,3,0,0,0,0,0,20,0,0,7,1,2,0,1,1,1,0,0,0,1,1,0,15
385,0,0,5,0,0,0,0,0,4,4,4,4,0,4,4,4,1,1,4,0,4,0,4,6,53,0,0,0,0,0,0,0,0,0,0,0,0,0,0,0,1,0,0,2,2,0,0,0,1,0,6,0,0,0,0,0,1,0,0,0,0,0,0,1,0,0,2
386,0,0,3,1,1,1,0,0,4,5,5,5,0,5,5,5,2,1,4,0,4,0,4,4,59,0,3,1,0,1,0,3,1,0,0,1,1,1,1,1,1,1,0,3,3,0,0,0,0,0,22,0,0,2,1,2,1,1,1,1,0,0,0,1,1,0,11
387,0,0,0,0,1,0,0,0,4,4,3,3,0,5,5,5,1,1,2,0,3,0,4,1,42,0,0,0,0,0,0,0,0,0,0,0,0,0,0,0,0,0,0,2,2,0,0,0,0,0,4,0,0,0,0,0,0,1,0,1,0,0,0,1,0,0,3
388,0,1,0,1,1,1,0,0,4,4,4,4,0,4,4,4,1,1,1,0,3,1,3,6,48,0,3,0,0,0,0,0,0,0,0,1,0,0,0,1,0,0,0,2,2,0,0,0,0,0,9,0,0,7,0,0,1,1,0,1,0,0,1,1,0,0,12
389,0,1,2,1,1,0,0,0,3,4,4,4,0,4,5,4,2,2,3,0,3,0,4,8,55,0,5,1,0,1,0,1,0,0,0,0,0,0,0,0,0,1,0,2,2,0,0,0,1,0,14,0,0,6,1,1,1,1,1,1,0,0,0,0,0,0,12
390,0,1,6,1,1,0,0,0,4,4,4,4,0,4,4,4,1,1,1,0,3,0,3,8,54,0,0,0,0,0,0,0,0,0,0,1,1,0,0,0,0,0,0,2,2,0,0,0,0,0,6,0,0,0,0,0,1,1,0,0,0,0,0,1,1,0,4
391,0,1,3,1,1,1,1,0,4,4,4,4,0,4,4,4,1,2,2,0,3,0,3,8,55,0,4,1,0,0,0,2,1,0,1,1,1,1,1,1,0,1,0,2,2,0,0,0,0,1,20,0,0,6,1,1,1,1,1,1,1,0,0,1,0,0,14
392,0,1,2,1,1,0,0,0,5,5,5,5,0,5,5,5,2,4,4,0,4,0,4,4,62,0,0,1,0,1,0,3,0,0,1,0,0,0,0,0,0,0,0,3,3,0,0,0,0,0,12,0,0,6,1,1,1,1,1,1,0,0,1,1,1,0,15
393,0,1,0,1,0,1,0,0,4,4,4,4,0,3,4,4,2,2,4,0,3,1,3,4,49,0,3,1,1,0,0,2,0,0,0,1,0,1,1,0,1,0,0,2,2,0,0,0,1,0,16,0,0,4,0,2,1,0,1,1,0,0,0,1,1,0,11
394,0,0,3,1,1,1,0,0,4,4,5,5,0,5,5,4,2,1,2,0,4,0,4,7,58,0,0,1,0,1,0,2,1,0,0,1,1,0,0,0,0,0,0,2,2,0,0,0,1,1,13,0,0,0,0,0,1,1,0,1,0,0,0,1,0,0,4
395,0,0,0,1,1,0,0,0,5,5,5,3,0,5,5,5,2,4,4,0,4,0,4,5,58,0,0,0,0,0,0,0,0,0,0,1,0,0,0,0,0,0,1,2,2,0,0,0,0,0,6,0,0,2,1,1,1,1,0,1,0,0,0,1,0,0,8
396,0,0,3,0,1,1,0,0,5,4,5,5,0,5,5,5,4,4,4,0,4,0,4,2,61,0,1,0,0,0,0,0,0,0,0,0,1,1,0,1,0,0,0,3,2,0,0,0,1,1,11,1,0,1,1,1,0,0,0,0,0,0,0,0,0,0,4
397,0,1,3,1,1,1,0,0,2,4,4,4,0,4,4,3,2,2,2,0,3,0,3,5,49,0,7,1,0,1,1,3,0,1,0,1,0,0,0,1,0,0,0,2,2,0,0,0,0,0,20,0,0,3,1,2,1,1,0,1,0,0,0,1,0,0,10
398,0,1,3,1,1,0,0,0,5,5,5,5,0,5,5,5,2,2,3,0,4,0,4,4,60,0,5,1,0,1,0,3,1,1,0,1,1,1,1,1,1,1,1,3,3,0,0,0,0,1,27,1,0,4,1,1,1,1,1,1,1,0,1,1,1,0,15
399,0,0,5,1,1,1,1,0,4,4,4,4,0,5,5,4,3,3,4,0,4,1,4,8,66,0,6,1,0,1,0,3,1,0,1,1,1,1,1,1,1,1,0,3,3,0,0,0,1,1,28,1,1,7,1,2,1,1,1,1,1,0,1,1,1,0,20
400,0,1,3,1,1,0,1,0,4,4,4,4,0,4,4,4,3,3,3,0,3,0,3,3,53,0,4,1,0,1,0,3,1,1,0,0,0,1,1,0,0,1,0,2,2,0,0,0,1,1,20,0,0,5,1,2,0,1,0,1,1,0,1,1,1,0,14
401,0,1,3,1,1,1,0,0,4,4,4,4,0,4,4,4,2,2,3,0,3,0,3,5,53,0,6,1,0,1,0,2,1,1,0,1,0,0,0,1,0,1,0,2,2,0,0,0,1,1,21,1,0,5,1,1,0,1,0,1,0,0,1,0,0,0,11
402,0,1,2,0,1,1,0,0,4,5,5,5,0,5,5,5,1,1,2,0,4,1,4,3,55,0,0,1,1,1,0,2,1,0,0,1,0,0,0,0,0,1,1,3,3,0,0,0,0,0,15,0,1,0,0,1,1,1,0,1,0,0,1,1,1,0,8
403,0,1,5,1,0,0,0,0,5,4,3,3,0,4,4,4,2,2,4,0,3,0,3,8,56,0,5,1,0,1,1,2,0,0,1,0,1,0,0,1,1,0,0,2,2,0,0,0,0,1,19,1,1,5,1,2,1,1,0,1,0,0,0,1,1,0,15
404,0,1,3,1,1,0,0,0,3,4,3,3,0,3,2,2,1,1,4,0,3,0,3,8,46,0,4,1,1,1,0,1,0,0,0,1,0,0,0,0,0,1,1,2,2,0,0,0,0,0,15,0,0,7,1,2,1,1,0,1,0,0,0,1,1,0,15
405,0,1,2,1,1,1,0,0,5,5,5,5,0,5,5,5,2,2,4,0,4,1,3,8,65,0,4,0,0,0,0,0,0,0,1,1,0,0,0,0,0,0,0,3,2,0,0,0,0,0,11,0,0,5,0,2,0,0,0,1,0,0,1,1,1,0,11
406,0,0,3,1,1,0,0,0,5,4,4,4,0,4,4,4,2,2,3,0,3,0,3,3,50,0,2,1,1,0,1,1,0,0,0,0,0,0,0,0,0,0,0,2,2,0,0,0,0,0,10,0,0,2,1,1,0,1,1,1,0,0,0,1,1,0,9
407,0,1,3,1,1,0,0,0,3,4,4,5,0,5,5,5,4,4,4,0,4,0,4,7,64,0,4,1,0,0,0,0,0,0,0,0,0,0,0,0,0,0,0,3,3,0,0,0,1,1,13,1,0,1,1,1,0,1,1,0,0,0,1,0,0,0,7
408,0,1,3,1,1,1,0,0,3,4,3,4,0,5,4,4,2,2,2,0,4,1,3,8,56,0,8,1,1,1,0,3,0,1,1,0,0,0,0,0,0,0,0,2,2,0,0,0,0,0,20,0,0,6,1,2,1,1,0,1,0,0,1,1,0,0,14
409,0,1,6,1,1,0,0,0,5,4,4,4,0,4,4,5,1,1,4,0,1,0,4,8,58,0,0,0,0,0,0,0,0,0,0,0,0,0,0,0,0,0,1,3,3,0,0,0,0,0,7,0,0,0,0,0,0,0,0,1,0,0,0,1,0,0,2
410,0,1,3,1,1,1,0,0,2,5,4,4,0,4,4,4,1,2,1,0,3,0,3,8,52,0,0,1,1,1,0,2,1,1,1,0,0,1,1,0,0,0,0,2,2,0,0,0,0,0,14,0,0,2,0,1,1,1,0,1,1,0,0,1,0,0,8
411,0,1,6,0,1,0,0,0,3,5,5,4,0,5,5,5,2,2,4,0,4,0,4,8,64,0,4,1,1,1,0,3,1,1,0,1,0,0,0,1,0,0,1,3,3,0,0,0,0,0,21,0,0,10,1,2,1,1,1,1,0,0,0,1,1,0,19
412,0,1,2,1,1,0,1,0,2,3,3,3,0,3,3,3,2,2,4,0,4,0,1,0,39,0,5,1,0,1,0,2,0,0,0,1,1,0,1,1,0,1,0,2,2,0,0,0,1,1,20,0,0,3,1,1,1,1,1,0,1,0,0,1,1,0,11
413,0,0,2,1,0,0,0,0,4,5,4,4,0,5,4,4,2,2,3,0,3,0,4,4,51,0,4,1,1,1,0,2,1,1,1,1,1,1,1,1,1,0,0,3,3,0,0,0,0,0,24,1,0,6,1,2,0,0,1,1,0,0,1,1,0,0,14
414,0,0,1,0,1,0,0,0,3,4,4,4,0,4,4,4,2,2,3,0,3,1,3,6,49,0,0,0,0,0,0,0,0,0,0,1,1,0,0,0,0,0,0,2,2,0,0,0,0,0,6,0,0,3,0,2,1,1,1,1,0,0,0,1,0,0,10
415,0,0,3,0,1,0,0,0,3,4,4,4,0,4,4,4,2,2,3,0,3,0,3,8,52,0,0,0,0,0,0,0,0,0,0,1,1,0,0,0,0,0,0,2,2,0,0,0,0,0,6,0,0,4,0,2,1,1,1,1,0,0,0,1,1,0,12
416,0,1,4,1,1,0,0,0,4,5,4,4,0,4,4,4,2,2,4,0,3,0,3,6,56,0,0,0,0,0,0,0,0,0,0,0,0,0,0,1,1,0,0,3,3,0,0,0,0,0,8,1,0,0,1,2,0,1,0,0,0,0,1,1,1,0,8
417,0,0,1,0,1,0,0,0,2,5,4,4,0,4,4,4,1,4,4,0,3,1,3,7,52,0,4,0,0,0,0,0,0,0,0,1,0,1,0,0,0,0,0,3,3,0,0,0,0,0,12,0,1,7,1,2,1,1,0,1,0,0,0,1,0,0,15
418,0,0,0,1,0,0,0,0,3,3,3,3,0,3,3,3,2,2,3,0,3,0,3,4,39,0,4,1,0,1,0,1,0,0,1,1,0,0,0,1,1,0,0,2,2,0,0,0,0,0,15,1,0,6,0,1,1,0,0,1,0,0,0,1,0,0,11
419,0,0,2,1,1,0,0,0,3,5,5,4,0,4,2,3,1,1,1,0,3,0,4,3,43,0,0,1,1,1,0,2,0,0,0,1,0,1,0,0,0,0,0,2,1,0,0,0,0,0,10,0,0,0,1,1,1,1,1,1,0,0,0,1,0,0,7
420,0,1,3,1,1,0,0,0,5,5,5,5,0,5,5,5,1,4,4,0,3,1,4,7,65,0,8,1,1,0,0,3,1,0,0,0,1,0,0,0,0,1,0,3,3,0,0,0,0,0,22,0,0,10,1,2,0,1,1,1,1,0,1,1,1,0,20
421,0,0,0,0,0,0,0,0,3,3,3,3,0,3,3,3,1,1,1,0,3,0,4,5,36,0,1,0,0,0,0,0,0,0,0,0,0,0,1,0,0,0,1,3,2,0,0,0,0,0,8,0,1,2,0,0,0,0,0,0,0,0,0,1,0,0,4
422,0,0,1,1,0,0,0,0,3,4,3,4,0,2,4,3,1,1,3,0,3,0,4,7,44,0,5,0,0,0,0,0,0,0,0,1,1,1,1,0,0,0,1,2,2,0,0,0,1,0,15,0,0,4,0,1,1,1,1,1,0,0,0,0,0,0,9
423,0,1,2,0,1,0,0,0,5,3,5,5,0,5,5,4,2,4,4,0,3,1,4,7,61,0,4,1,1,0,0,2,0,0,0,1,1,0,0,1,0,0,0,2,2,0,0,0,1,1,17,0,0,10,0,2,1,1,0,1,0,0,1,1,1,0,18
424,0,1,3,0,1,0,0,0,4,4,4,4,0,4,4,4,2,2,2,0,3,0,3,4,49,0,0,0,0,0,0,0,0,0,0,0,0,0,0,0,0,0,0,2,2,0,0,0,0,0,4,1,1,1,0,1,1,0,0,1,0,0,0,1,1,0,8
425,0,0,4,1,0,0,0,0,2,5,5,5,0,5,5,5,2,3,3,0,4,0,4,4,57,0,2,0,0,0,0,0,0,0,1,1,1,0,0,0,0,0,1,3,3,0,0,0,0,0,12,0,1,4,1,2,1,0,1,1,0,0,0,1,1,0,13
426,0,1,2,1,1,1,0,0,4,5,5,5,0,5,4,4,2,2,3,0,3,1,3,5,57,0,4,1,1,0,0,2,0,0,1,1,1,0,0,1,0,1,0,3,2,0,0,0,0,0,18,0,0,5,1,1,1,1,0,1,0,0,0,1,1,0,12
427,0,0,0,0,0,0,0,0,3,4,4,4,0,3,3,4,2,2,3,0,3,1,3,5,44,0,4,1,1,1,0,2,0,0,0,1,0,0,0,0,0,0,0,2,3,0,0,0,0,0,15,0,0,5,1,2,1,1,0,0,1,0,0,1,0,0,12
428,0,1,1,1,1,1,1,0,4,5,4,4,0,4,4,4,2,2,4,0,3,1,3,5,55,0,1,1,0,0,0,1,0,0,0,1,1,0,1,0,0,1,0,2,2,0,0,0,0,1,12,0,0,3,0,0,1,1,0,1,1,0,1,1,0,0,9
429,0,1,3,1,1,0,0,0,4,4,4,4,0,4,5,4,2,1,2,0,3,1,3,4,51,0,3,1,1,1,0,2,1,1,0,1,1,1,1,0,0,1,0,3,3,0,0,0,0,1,22,0,0,4,1,1,0,1,1,1,0,0,1,0,0,0,10
430,0,1,3,1,1,1,1,0,5,5,5,5,0,5,5,5,2,2,4,0,4,0,4,8,67,0,6,1,0,1,0,3,1,1,0,1,1,1,1,1,1,1,0,3,3,0,0,0,1,1,28,1,0,6,1,2,1,1,0,1,1,0,0,1,1,0,16
431,1,1,3,1,1,1,0,0,5,5,4,4,0,4,4,4,2,2,3,0,3,0,3,5,56,0,4,1,1,0,0,3,1,1,0,1,0,0,0,0,1,0,0,3,3,0,0,0,0,0,19,1,0,5,0,1,0,1,0,1,1,0,1,1,1,0,13
432,1,1,3,1,1,1,0,0,5,5,4,4,0,4,4,4,2,2,3,0,3,0,3,5,56,0,4,1,1,0,0,3,1,1,0,1,0,0,0,0,1,0,0,3,3,0,0,0,0,0,19,1,0,5,0,1,0,1,0,1,1,0,1,1,1,0,13
433,0,0,5,0,1,1,0,0,4,4,4,4,0,4,4,4,2,2,3,0,3,0,3,8,56,0,5,1,1,1,0,3,0,0,0,1,0,0,0,0,0,1,0,2,2,0,0,0,0,0,17,0,0,6,1,2,0,1,1,1,0,0,1,1,0,0,14
434,0,1,1,1,1,0,0,0,4,4,4,4,0,4,4,4,2,2,2,0,3,0,3,4,48,0,4,1,1,1,0,3,0,0,0,1,0,1,1,1,1,0,0,3,3,0,0,0,1,1,23,0,0,6,1,2,1,1,1,1,0,0,1,1,1,0,16
435,0,1,2,1,1,0,0,0,4,4,4,4,0,4,4,4,2,2,3,0,3,1,3,3,50,0,1,1,1,1,0,1,0,0,0,0,0,0,1,0,0,0,0,2,1,0,0,0,0,1,10,0,0,3,1,1,0,1,0,0,0,0,0,1,0,0,7
436,0,1,0,0,1,0,0,0,3,3,3,3,0,3,4,3,1,1,2,0,3,0,3,3,37,0,2,0,0,0,0,0,0,0,0,0,0,0,0,0,0,0,0,2,2,0,0,0,0,0,6,0,0,1,0,1,1,1,0,1,0,0,0,1,0,0,6
437,0,0,1,0,1,0,1,0,4,4,4,4,0,4,4,4,2,2,3,0,3,0,3,6,50,0,4,0,0,0,0,0,0,0,0,0,0,0,0,0,0,1,0,2,2,0,0,0,0,0,9,0,0,4,0,0,0,1,0,1,1,0,0,1,0,0,8
438,0,0,2,1,1,0,0,0,3,5,5,3,0,3,5,5,1,4,2,0,3,0,4,5,52,0,0,1,0,0,0,1,0,0,0,1,0,0,0,1,1,0,0,2,2,0,0,0,0,0,9,1,0,2,1,2,0,0,0,1,0,0,0,1,0,0,8
439,0,0,0,0,1,0,0,0,5,5,5,5,0,5,5,4,2,2,3,0,4,0,4,6,56,0,0,0,0,0,0,0,0,0,0,1,0,0,0,0,0,0,0,3,2,0,0,0,0,0,6,0,0,3,1,1,0,1,0,0,0,0,1,1,1,0,9
440,0,0,3,1,1,0,0,0,4,4,4,4,0,4,4,4,2,4,4,0,3,1,3,8,58,0,4,0,0,0,0,0,0,0,0,1,0,0,0,0,0,1,1,3,3,0,0,0,0,0,13,0,0,3,1,1,1,1,0,1,0,0,1,1,0,0,10
441,0,1,5,1,1,0,0,0,4,4,4,4,0,4,4,4,2,2,2,0,3,0,3,8,56,0,3,1,0,1,0,3,1,1,0,0,0,0,0,0,0,1,0,2,2,0,0,0,1,1,17,0,0,2,1,1,0,1,1,1,0,0,0,1,0,0,8
442,0,1,1,1,0,1,0,0,5,5,5,4,0,2,3,3,1,1,3,0,3,0,3,8,50,0,3,1,0,1,0,1,1,0,1,0,0,0,0,0,0,0,0,3,2,0,0,0,0,0,13,1,1,5,1,1,1,0,0,1,0,0,0,0,0,0,11
443,0,1,3,1,1,0,0,0,4,4,4,4,0,4,4,4,2,1,1,0,3,0,3,8,52,0,8,1,1,1,0,2,1,1,1,1,0,1,0,0,0,0,0,3,3,0,0,0,0,0,24,0,0,5,1,1,0,1,1,1,0,0,1,1,1,0,13
444,0,1,0,0,1,0,0,0,4,4,4,4,0,4,4,4,2,1,3,0,2,0,3,4,45,0,0,1,1,1,0,2,1,0,0,0,0,0,0,0,0,1,0,3,3,0,0,0,0,0,13,0,0,0,0,2,1,1,0,1,0,0,0,1,1,0,7
445,0,1,4,1,1,0,0,0,3,5,5,5,0,4,5,3,3,3,3,0,4,1,4,3,58,0,5,1,0,0,1,2,0,1,0,0,1,0,0,1,1,0,0,3,3,0,0,0,0,0,19,1,0,8,0,1,1,1,0,1,0,0,1,1,1,0,16
446,1,1,4,1,1,1,0,0,4,2,4,4,0,5,5,4,4,3,4,0,3,0,4,7,62,0,7,1,1,1,0,3,0,0,1,1,1,1,1,1,0,1,1,3,3,0,0,0,1,1,29,0,0,7,1,2,1,1,0,1,1,0,1,1,1,0,17
447,0,1,2,1,1,0,0,0,4,4,4,4,0,4,4,4,2,2,1,0,3,0,3,7,51,0,3,1,0,1,0,2,0,0,0,0,0,0,0,0,0,1,0,3,3,0,0,0,0,0,14,0,0,3,1,2,1,1,0,1,0,0,0,1,0,0,10
448,0,1,4,1,1,0,0,0,5,5,5,4,0,4,5,4,1,2,1,0,3,1,3,7,57,0,5,1,1,0,0,2,0,0,0,1,1,1,0,1,0,1,0,2,1,0,0,0,0,0,17,0,0,5,1,1,1,1,1,1,0,0,0,1,1,0,13
449,0,1,2,1,1,0,0,0,5,5,5,5,0,5,5,4,2,2,4,0,4,0,4,4,59,0,5,1,1,1,0,3,1,1,1,0,0,0,0,0,0,0,0,2,2,0,0,0,0,1,19,0,0,7,1,2,0,1,0,1,0,0,0,1,1,0,14
450,0,1,3,1,1,1,1,0,4,4,5,5,0,5,5,4,3,4,4,0,4,0,4,8,67,0,8,1,0,1,0,2,1,1,1,1,1,1,1,1,1,1,1,3,3,0,0,0,1,1,31,0,0,8,1,1,1,1,1,1,1,0,0,1,1,0,17
451,0,1,1,1,1,1,0,0,5,5,5,5,0,5,5,5,2,2,2,0,4,0,4,8,62,0,8,1,1,1,0,1,1,1,0,1,0,1,1,1,1,1,1,3,2,0,0,0,0,0,26,0,0,10,1,1,0,1,1,1,0,0,1,1,1,0,18
452,0,1,1,1,1,0,1,0,4,4,4,4,0,5,4,4,1,2,4,0,4,0,3,4,52,0,2,1,0,1,1,1,0,1,1,1,1,1,0,0,0,0,0,3,2,0,0,0,0,0,16,1,0,2,1,1,0,1,0,1,1,0,0,0,0,0,8
453,0,1,3,1,1,0,0,0,5,5,4,4,0,3,4,4,2,2,2,0,3,0,3,8,55,0,4,1,0,1,0,2,1,1,0,0,1,0,0,0,0,1,0,3,2,0,0,0,0,0,17,0,0,5,1,2,1,1,0,1,0,0,0,1,0,0,12
454,1,1,1,0,0,0,0,0,2,2,1,2,0,3,3,2,3,3,3,0,1,0,1,1,30,0,1,0,0,0,0,0,0,0,1,0,1,1,0,0,0,0,0,2,1,0,0,0,1,1,9,0,0,1,1,0,0,0,0,0,0,0,0,1,0,0,3
455,0,0,0,0,0,0,0,0,3,3,3,3,0,3,3,3,1,1,1,0,2,0,4,0,30,0,0,0,0,0,0,0,0,0,0,0,0,0,0,0,1,1,0,1,3,0,0,0,1,1,8,0,0,2,0,0,1,0,0,0,0,0,0,1,0,0,4
456,0,0,0,0,0,0,0,0,3,3,3,3,0,3,3,3,1,1,1,0,2,0,4,0,30,0,0,0,0,0,0,0,0,0,0,0,0,0,0,0,1,1,0,1,3,0,0,0,1,1,8,0,0,2,0,0,1,0,0,0,0,0,0,1,0,0,4
457,0,0,0,0,0,0,0,0,3,3,3,3,0,3,3,3,1,1,1,0,2,0,4,0,30,0,0,0,0,0,0,0,0,0,0,0,0,0,0,0,1,1,0,1,3,0,0,0,1,1,8,0,0,2,0,0,1,0,0,0,0,0,0,1,0,0,4
458,0,0,0,0,0,0,0,0,3,3,3,3,0,3,3,3,1,1,1,0,2,0,4,0,30,0,0,0,0,0,0,0,0,0,0,0,0,0,0,0,1,1,0,1,3,0,0,0,1,1,8,0,0,2,0,0,1,0,0,0,0,0,0,1,0,0,4
459,0,0,0,0,0,0,0,0,3,3,3,3,0,3,3,3,1,1,1,0,2,0,4,0,30,0,0,0,0,0,0,0,0,0,0,0,0,0,0,0,1,1,0,1,3,0,0,0,1,1,8,0,0,2,0,0,1,0,0,0,0,0,0,1,0,0,4
460,0,0,0,0,0,0,0,0,3,3,3,3,0,3,3,3,1,1,1,0,2,0,4,0,30,0,0,0,0,0,0,0,0,0,0,0,0,0,0,0,1,1,0,1,3,0,0,0,1,1,8,0,0,2,0,0,1,0,0,0,0,0,0,1,0,0,4
461,0,0,0,0,0,0,0,0,3,3,3,3,0,3,3,3,1,1,1,0,2,0,4,0,30,0,0,0,0,0,0,0,0,0,0,0,0,0,0,0,1,1,0,1,3,0,0,0,1,1,8,0,0,2,0,0,1,0,0,0,0,0,0,1,0,0,4
462,0,0,0,0,0,0,0,0,3,3,3,3,0,3,3,3,1,1,1,0,2,0,4,0,30,0,0,0,0,0,0,0,0,0,0,0,0,0,0,0,1,1,0,1,3,0,0,0,1,1,8,0,0,2,0,0,1,0,0,0,0,0,0,1,0,0,4
463,0,0,0,0,0,0,0,0,3,3,3,3,0,3,3,3,1,1,1,0,2,0,4,0,30,0,0,0,0,0,0,0,0,0,0,0,0,0,0,0,1,1,0,1,3,0,0,0,1,1,8,0,0,2,0,0,1,0,0,0,0,0,0,1,0,0,4
464,0,0,1,1,0,0,0,0,4,2,4,4,0,4,2,3,1,4,2,0,2,1,3,1,39,0,1,0,0,0,0,0,0,0,0,1,0,1,0,0,0,0,0,2,2,0,0,0,0,0,7,0,0,1,0,1,0,0,0,0,0,0,1,1,0,0,4
465,0,0,0,0,0,0,0,0,3,3,3,3,0,3,3,3,1,1,1,0,2,0,4,0,30,0,0,0,0,0,0,0,0,0,0,0,0,0,0,0,1,1,0,1,3,0,0,0,1,1,8,0,0,2,0,0,1,0,0,0,0,0,0,1,0,0,4
466,0,0,0,0,0,0,0,0,3,3,3,3,0,3,3,3,1,1,1,0,2,0,4,0,30,0,0,0,0,0,0,0,0,0,0,0,0,0,0,0,1,1,0,1,3,0,0,0,1,1,8,0,0,2,0,0,1,0,0,0,0,0,0,1,0,0,4
467,0,0,0,0,0,0,0,0,3,3,3,3,0,3,3,3,1,1,1,0,2,0,4,0,30,0,0,0,0,0,0,0,0,0,0,0,0,0,0,0,1,1,0,1,3,0,0,0,1,1,8,0,0,2,0,0,1,0,0,0,0,0,0,1,0,0,4
468,0,0,0,0,0,0,0,0,3,3,3,3,0,3,3,3,1,1,1,0,2,0,4,0,30,0,0,0,0,0,0,0,0,0,0,0,0,0,0,0,1,1,0,1,3,0,0,0,1,1,8,0,0,2,0,0,1,0,0,0,0,0,0,1,0,0,4
469,0,0,0,0,0,0,0,0,3,3,3,3,0,3,3,3,1,1,1,0,2,0,4,0,30,0,0,0,0,0,0,0,0,0,0,0,0,0,0,0,1,1,0,1,3,0,0,0,1,1,8,0,0,2,0,0,1,0,0,0,0,0,0,1,0,0,4
470,1,0,1,0,1,0,0,0,3,3,2,2,0,4,3,3,3,2,2,0,2,1,4,1,38,0,0,0,0,0,0,0,0,0,0,0,0,0,0,0,0,0,0,2,3,0,0,0,1,0,6,0,0,1,0,1,0,1,0,0,0,0,0,1,0,0,4
471,1,1,0,0,1,0,1,0,3,3,5,5,0,2,3,4,3,1,2,0,1,0,2,2,40,0,0,0,0,0,0,0,0,0,0,0,0,0,0,0,0,0,0,1,1,0,0,0,0,0,2,1,1,1,0,0,1,1,0,0,0,0,0,1,0,0,6
472,1,1,0,0,1,0,1,0,3,3,5,5,0,2,3,4,3,1,2,0,1,0,2,2,40,0,0,0,0,0,0,0,0,0,0,0,0,0,0,0,0,0,0,1,1,0,0,0,0,0,2,1,1,1,0,0,1,1,0,0,0,0,0,1,0,0,6
473,1,1,0,0,1,0,1,0,3,3,5,5,0,2,3,4,3,1,2,0,1,0,2,2,40,0,0,0,0,0,0,0,0,0,0,0,0,0,0,0,0,0,0,1,1,0,0,0,0,0,2,1,1,1,0,0,1,1,0,0,0,0,0,1,0,0,6
474,0,0,0,0,1,0,0,0,4,4,4,4,0,4,3,3,1,1,1,0,3,0,3,1,37,0,0,0,0,0,0,0,0,0,0,0,0,0,0,0,0,0,0,1,1,0,0,0,0,0,2,0,0,1,0,0,0,0,0,0,0,0,0,0,0,0,1
475,1,1,0,0,1,1,0,0,2,1,2,2,0,3,2,2,2,2,2,0,2,0,1,1,28,0,1,0,0,0,0,0,0,0,1,0,1,1,1,0,0,0,0,1,2,0,0,0,1,0,9,1,0,2,0,0,0,0,0,0,0,0,0,0,0,0,3
476,1,1,2,1,1,0,0,0,3,3,3,3,0,3,3,3,2,1,1,0,2,0,2,1,36,0,1,0,0,0,0,0,0,0,1,0,0,0,1,0,0,0,1,2,2,0,0,0,0,0,8,0,0,2,1,0,0,0,0,0,0,0,0,1,1,0,5
477,0,0,1,1,0,1,0,0,3,3,3,3,0,4,3,4,3,2,3,0,2,0,2,1,39,0,1,1,0,0,1,1,0,0,0,0,1,0,1,0,0,0,0,2,2,0,0,0,0,0,10,0,0,1,0,0,0,0,0,0,0,0,0,0,0,0,1
478,0,0,1,0,1,0,0,0,2,3,4,5,0,2,2,2,2,3,3,0,3,0,4,1,38,0,0,1,0,0,1,1,0,0,0,0,0,1,0,0,0,0,0,2,2,0,0,0,1,1,10,0,0,1,0,0,0,0,0,0,0,0,0,0,0,0,1
479,0,0,1,0,1,0,1,0,2,4,3,4,0,4,4,3,3,2,3,0,3,0,2,1,41,0,1,0,0,0,0,0,0,0,0,0,0,1,0,0,0,0,0,3,2,0,0,0,1,0,8,0,0,1,1,0,0,0,0,0,0,0,1,0,0,0,3
480,0,0,0,0,1,0,0,0,2,3,3,2,0,3,4,4,1,3,3,0,3,0,2,1,35,0,1,1,0,0,0,1,0,0,0,0,0,0,1,0,0,0,1,2,2,0,0,0,1,1,11,0,0,0,0,1,0,0,1,0,0,0,0,0,0,0,2
481,0,0,1,1,1,0,0,0,2,3,3,3,0,3,3,4,4,3,3,0,3,1,2,1,41,0,1,1,0,0,0,1,1,0,0,0,0,0,0,0,0,0,0,3,2,0,0,0,1,1,11,0,0,1,0,0,0,0,0,0,0,0,0,1,0,0,2
482,0,0,1,1,1,0,0,0,2,3,3,3,0,3,3,4,4,3,3,0,3,1,2,1,41,0,1,1,0,0,0,1,1,0,0,0,0,0,0,0,0,0,0,3,2,0,0,0,1,1,11,0,0,1,0,0,0,0,0,0,0,0,0,1,0,0,2
483,0,0,1,0,1,1,0,0,3,4,4,3,0,4,4,4,3,3,3,0,3,1,3,2,47,0,1,0,0,0,0,0,0,0,1,1,0,0,0,0,0,1,0,2,3,0,0,0,0,1,10,0,0,2,0,0,0,0,0,0,0,0,0,0,0,0,2
484,0,0,1,0,0,0,0,0,2,4,4,4,0,4,3,4,3,2,3,0,3,1,2,1,41,0,1,0,0,0,0,0,0,0,1,0,1,0,1,0,0,0,0,2,1,0,0,0,1,0,8,0,0,1,0,0,0,1,0,0,0,0,0,0,0,0,2
485,0,0,1,0,0,0,0,0,3,2,3,3,0,3,4,3,4,3,2,0,3,0,2,1,37,0,1,0,0,0,0,0,0,0,0,0,0,0,1,1,0,0,0,3,2,0,0,0,1,1,10,0,1,1,0,0,0,1,0,0,0,0,0,1,1,0,5
486,0,0,4,1,0,0,0,0,3,3,3,3,0,3,2,2,4,4,2,0,2,0,2,6,44,0,7,0,0,0,0,0,0,0,0,0,0,0,1,0,0,0,0,2,1,0,0,0,1,1,13,0,0,4,0,1,0,1,1,1,0,0,0,1,1,0,10
487,0,0,1,0,1,0,0,0,2,4,4,3,0,2,3,3,3,4,3,0,2,1,2,1,39,0,1,0,0,0,0,0,0,0,1,0,0,1,0,0,0,0,0,2,3,0,0,0,1,0,9,0,0,1,0,0,0,1,0,0,0,0,0,0,0,0,2
488,1,0,1,0,0,1,0,0,3,2,3,3,0,1,2,2,3,3,2,0,3,1,2,1,34,0,1,1,0,1,0,1,0,0,0,0,0,0,0,0,0,0,0,2,2,0,0,0,1,1,10,0,0,1,0,0,0,0,0,0,0,0,0,0,0,0,1
489,1,0,1,0,1,0,0,0,3,2,1,1,0,1,1,2,2,3,2,0,2,1,2,1,27,0,0,0,0,0,0,0,0,0,0,0,0,0,1,0,0,0,0,1,2,0,0,0,1,1,6,1,1,2,0,0,1,1,0,0,0,0,0,1,0,0,7
490,0,0,1,0,1,1,0,0,3,5,4,3,0,4,3,3,3,1,2,0,2,0,2,1,39,0,1,0,0,0,0,0,0,0,0,0,0,1,0,0,1,1,0,1,2,0,0,0,0,0,7,0,1,1,0,0,0,0,0,0,0,0,0,1,0,0,3
491,0,0,1,1,1,0,0,0,3,3,4,4,0,3,2,3,4,2,3,0,3,0,3,1,41,0,1,1,0,1,0,1,1,1,0,0,0,0,0,0,0,0,0,2,2,0,0,0,0,1,11,0,0,1,0,0,0,0,0,0,0,0,0,1,1,0,3
492,1,1,0,0,1,0,1,0,1,1,1,1,0,1,1,1,1,1,1,0,1,0,1,1,17,0,0,0,0,0,0,0,0,0,0,0,0,0,0,0,0,0,0,1,1,0,0,0,0,0,2,1,1,0,0,0,1,1,0,1,1,0,1,1,0,0,8
493,0,0,0,0,0,0,0,0,3,3,3,3,0,3,3,3,4,4,3,0,2,0,3,1,38,0,1,0,0,0,0,0,0,0,0,0,1,1,1,0,0,0,0,2,2,0,0,0,0,1,9,1,0,1,0,0,0,0,0,0,0,0,0,0,0,0,2
494,0,1,0,1,1,1,0,0,1,5,5,5,0,5,5,2,2,2,2,0,3,1,4,2,48,0,2,1,0,1,0,3,0,0,0,1,1,0,0,0,0,1,1,3,3,0,0,0,1,0,18,0,0,3,1,1,1,1,0,1,0,0,1,1,0,0,10
495,1,1,0,0,1,1,1,0,5,5,5,5,0,5,5,5,2,3,4,0,4,1,4,8,66,0,2,1,0,1,0,1,0,1,0,1,0,1,0,0,0,1,1,3,3,0,0,0,1,1,18,1,1,6,1,1,0,1,1,1,1,0,1,1,1,0,17
496,0,1,3,0,1,0,0,0,5,5,5,5,0,5,5,3,1,1,2,0,3,0,3,7,55,0,0,1,1,0,0,2,0,0,0,1,0,0,0,0,0,0,0,2,2,0,0,0,0,0,9,0,0,0,0,2,1,0,0,1,0,0,0,1,1,0,6
497,0,1,2,1,1,1,0,0,4,4,4,4,0,4,4,4,2,2,3,0,3,0,3,3,50,0,6,1,1,1,0,2,1,0,0,1,1,1,1,1,0,1,1,3,2,0,0,0,0,0,24,0,0,7,1,1,1,1,1,1,0,0,1,1,0,0,15
498,0,1,1,1,1,0,0,0,5,5,5,5,0,5,5,5,2,3,4,0,4,0,1,8,61,0,8,0,0,0,0,0,0,0,0,0,0,0,0,0,0,0,1,3,3,0,0,0,0,0,15,1,0,10,1,0,1,1,0,1,0,0,0,1,1,0,17
499,0,1,1,1,1,0,0,0,4,4,4,4,0,4,4,4,2,2,3,0,3,0,3,2,47,0,1,0,0,0,0,0,0,0,1,0,1,0,1,0,0,0,1,1,2,0,0,0,0,1,9,0,1,0,0,1,0,1,0,0,0,0,0,0,0,0,3
500,0,1,1,1,1,0,0,0,1,5,5,5,0,5,5,5,2,2,4,0,4,1,4,3,55,0,5,1,0,0,0,1,1,0,0,0,1,1,1,1,0,1,1,3,3,0,0,0,0,0,20,0,0,8,0,2,0,1,1,1,0,0,1,1,0,0,15
501,0,0,3,0,1,0,0,0,4,4,4,3,0,3,3,3,1,1,2,0,3,0,3,5,43,0,0,1,1,1,1,1,1,0,0,0,0,0,0,0,0,0,0,2,2,0,0,0,0,1,11,0,0,10,0,2,0,1,0,0,1,0,0,1,0,0,15
502,0,1,1,0,1,0,0,0,3,3,3,3,0,2,3,3,2,2,2,0,2,0,3,1,35,0,1,0,0,0,0,0,0,0,0,0,0,1,1,0,0,1,0,2,2,0,0,0,0,0,8,1,1,5,0,0,0,1,1,1,0,0,0,1,0,0,11
503,0,1,3,1,1,0,0,0,2,4,5,3,0,3,3,4,1,2,2,0,4,0,2,2,43,0,4,0,0,0,0,0,0,0,1,1,0,0,0,0,0,1,0,1,3,0,0,0,0,0,11,1,1,3,1,2,0,1,0,1,0,0,1,1,1,0,13
504,0,0,1,0,1,0,0,0,4,4,4,4,0,3,3,4,2,2,3,0,3,1,3,1,43,0,1,0,0,0,0,0,0,0,0,0,0,0,0,0,0,0,0,1,1,0,0,0,0,0,3,0,0,2,0,0,0,1,0,0,0,0,0,1,0,0,4
505,0,1,2,1,1,0,0,0,3,4,4,4,0,4,4,5,3,2,3,0,3,1,3,4,52,0,3,0,0,0,0,0,0,0,0,1,0,0,0,0,1,0,0,3,3,0,0,0,0,0,11,0,0,2,1,1,1,1,0,1,0,0,1,1,1,0,10
506,1,1,1,0,1,1,0,0,4,4,4,4,0,4,4,4,2,1,4,0,3,0,3,4,50,0,0,0,0,0,0,0,0,0,1,1,0,0,0,0,0,1,0,2,2,0,0,0,0,0,7,1,1,3,0,1,1,1,0,1,1,0,1,0,0,0,11
507,1,0,0,0,1,0,0,0,5,5,5,5,0,5,5,5,1,2,2,0,4,1,3,0,50,0,0,0,0,0,0,0,0,0,0,0,0,0,0,0,0,0,0,3,2,0,0,0,0,0,5,0,0,0,0,0,1,1,0,1,0,0,1,1,0,0,5
508,0,1,2,1,1,1,0,0,3,4,4,4,0,4,4,4,2,2,2,0,3,0,3,4,49,0,0,0,0,0,0,0,0,0,0,0,0,0,0,0,0,1,1,2,2,0,0,0,0,0,6,0,0,5,0,1,0,1,0,1,0,0,1,1,0,0,10
509,0,1,3,1,1,0,0,0,4,3,4,4,0,5,5,5,2,2,3,0,3,0,3,5,54,0,0,0,0,0,0,0,0,0,0,1,0,0,0,0,0,0,0,2,2,0,0,0,0,0,5,0,0,0,1,2,0,1,1,1,0,0,0,1,0,0,7
510,1,0,6,1,1,0,0,0,2,4,5,5,0,5,5,5,2,3,2,0,4,1,4,4,60,0,4,0,0,0,0,0,0,0,0,0,0,0,0,0,0,1,0,3,3,0,0,0,0,0,11,0,0,5,0,0,1,1,1,0,0,0,1,0,0,0,9
511,0,0,6,1,0,0,0,0,3,3,3,4,0,3,3,4,2,2,4,0,4,1,4,6,53,0,4,0,0,0,0,0,0,0,0,1,1,0,0,0,0,0,1,3,3,0,0,0,0,1,14,0,0,9,0,2,0,1,0,0,0,0,0,1,0,0,13
512,1,0,2,1,0,0,0,0,3,3,3,3,0,4,3,3,3,3,4,0,2,1,2,1,42,0,1,1,1,0,0,1,1,0,0,0,1,0,0,0,0,0,0,3,3,0,0,0,0,1,13,0,1,0,1,0,0,0,0,0,0,0,0,1,0,0,3
513,0,1,2,1,1,1,0,0,4,5,5,5,0,4,4,4,2,2,3,0,3,0,3,4,54,0,4,0,0,0,0,0,0,0,1,0,1,1,1,0,0,0,1,2,2,0,0,0,0,0,13,0,0,5,1,1,0,1,1,1,1,0,1,1,1,0,14
514,0,1,6,1,1,0,0,0,3,4,4,4,0,4,4,4,2,3,4,0,3,1,3,8,60,0,8,1,1,1,0,2,1,1,1,0,1,1,1,0,0,1,0,3,2,0,0,0,1,1,27,0,0,10,1,2,0,1,1,1,0,0,1,1,1,0,19
515,0,0,3,0,1,0,0,0,4,4,4,4,0,4,1,3,2,3,3,0,3,1,3,8,51,0,2,0,0,0,0,0,0,0,0,1,1,0,0,0,0,0,1,3,3,0,0,0,0,0,11,0,0,7,0,1,0,0,0,1,0,0,1,0,0,0,10
516,0,1,3,0,1,0,0,0,4,4,3,4,0,4,4,4,2,2,1,0,3,0,3,3,46,0,0,1,1,0,0,2,0,0,0,0,1,0,0,0,0,0,0,2,2,0,0,0,0,0,9,0,0,0,0,2,0,1,0,1,0,0,1,1,0,0,6
517,0,1,3,1,0,0,0,0,3,4,5,5,0,5,5,5,2,4,2,0,3,0,3,2,53,0,3,1,1,0,0,2,0,0,0,0,0,0,0,0,1,0,0,2,2,0,0,0,0,0,12,1,0,5,0,1,0,0,1,1,0,0,0,1,1,0,11
518,0,0,0,1,1,0,0,0,4,4,4,4,0,4,4,4,2,2,3,0,3,0,3,8,51,0,8,0,0,0,0,0,0,0,0,0,1,0,0,0,0,0,1,2,2,0,0,0,0,0,14,0,0,6,0,1,0,1,1,1,0,0,1,1,1,0,13
519,0,0,0,0,0,0,0,0,5,5,5,5,0,3,5,5,1,1,4,0,4,0,4,1,48,0,0,0,0,0,0,0,0,0,0,0,0,0,0,0,0,0,0,3,3,0,0,0,0,0,6,0,0,0,0,0,0,1,0,1,0,0,1,1,1,0,5
520,0,0,3,1,0,1,0,0,5,3,3,5,0,3,3,3,3,2,4,0,4,0,4,3,50,0,5,0,0,0,0,0,0,0,1,1,0,0,0,0,1,0,0,2,2,0,0,0,0,0,12,1,0,7,1,2,0,0,1,1,0,0,0,1,1,0,15
521,0,0,0,0,1,0,0,0,4,4,4,4,0,4,4,4,1,2,2,0,4,1,3,1,43,0,0,1,1,0,0,1,1,1,1,1,0,0,0,0,0,0,0,2,2,0,0,0,1,1,13,0,0,1,0,0,0,1,0,0,0,0,0,1,1,0,4
522,0,1,3,1,1,1,0,0,5,4,4,4,0,4,5,4,2,1,3,0,3,0,3,8,57,0,5,1,1,0,0,1,0,0,1,0,0,1,1,1,0,1,0,2,1,0,0,0,1,0,17,0,0,5,1,1,0,1,0,1,0,0,1,1,1,0,12
523,1,1,3,1,1,0,0,0,3,4,3,3,0,3,4,3,2,2,3,0,3,0,4,7,51,0,7,1,1,0,0,2,0,0,0,1,1,1,1,1,1,1,0,3,2,0,0,0,0,1,24,1,1,10,1,2,1,1,0,1,1,0,1,1,1,0,22
524,0,1,1,1,1,0,0,0,3,5,4,4,0,4,4,4,2,2,3,0,3,1,3,4,50,0,4,1,1,1,0,2,1,0,1,0,1,0,0,0,0,0,0,3,3,0,0,0,1,1,20,0,0,9,1,1,0,1,0,1,0,0,1,1,0,0,15
525,0,1,0,0,0,0,1,0,1,1,1,1,0,2,1,1,1,1,1,0,1,0,2,1,17,0,0,0,0,0,0,0,0,0,0,0,0,0,0,0,0,1,0,2,3,0,0,0,0,0,6,1,1,0,0,0,1,1,0,1,1,0,1,1,1,0,9
526,1,1,0,0,1,0,1,0,4,1,4,4,0,4,4,4,2,3,4,0,2,0,2,1,43,0,1,0,0,0,0,0,0,0,0,0,0,0,0,0,0,0,0,2,3,0,0,0,0,0,6,1,1,1,1,0,0,0,0,0,0,0,0,1,1,0,6
527,1,1,0,0,1,0,1,0,1,1,1,1,0,1,1,1,1,1,1,0,1,0,1,8,24,0,8,0,0,0,0,0,0,0,0,0,0,0,0,0,0,0,0,1,1,0,0,0,0,0,10,0,0,0,0,0,0,0,1,0,0,0,0,0,0,0,1
528,0,0,0,0,1,0,1,0,4,4,2,4,0,2,2,2,2,4,3,0,2,0,2,1,36,0,2,0,0,0,0,0,0,0,1,1,0,0,0,0,0,0,0,2,2,0,0,0,0,0,8,0,0,2,0,0,0,1,0,0,0,0,0,1,0,0,4
529,0,0,1,0,1,0,0,0,4,4,4,4,0,4,4,2,2,1,1,0,4,1,4,3,44,0,5,0,0,0,0,0,0,0,0,0,1,0,0,0,0,0,0,2,1,0,0,0,0,0,9,0,0,4,0,1,0,0,0,0,1,0,0,1,1,0,8
530,1,0,2,0,0,0,1,0,2,2,3,2,0,2,3,3,3,2,3,0,2,1,3,1,36,0,1,1,0,0,0,0,0,0,0,0,0,0,0,0,0,0,0,1,2,0,0,0,0,0,5,0,1,1,0,1,0,1,0,0,0,0,0,1,1,0,6
531,0,1,0,0,1,0,0,0,2,2,1,1,0,1,1,1,1,1,1,0,1,0,1,1,17,0,0,0,0,0,0,0,0,0,1,0,0,0,0,1,1,1,1,2,1,0,0,0,0,0,8,1,1,0,0,1,0,0,0,0,0,0,0,1,1,0,5
532,0,0,0,0,0,0,0,0,5,5,5,5,0,5,5,5,1,1,1,0,4,0,4,1,47,0,0,0,0,0,0,0,0,0,0,0,0,0,0,0,0,0,0,1,1,0,0,0,0,0,2,0,1,1,0,1,0,1,0,1,1,0,1,1,1,0,9
533,0,0,1,1,1,1,0,0,4,4,4,4,0,4,4,4,2,2,2,0,3,1,3,1,46,0,1,0,0,0,0,0,0,0,1,0,0,0,0,0,0,0,0,2,2,0,0,0,0,0,6,0,0,1,0,0,0,1,0,1,0,0,0,1,0,0,4
534,0,0,0,0,0,0,0,0,1,1,1,1,0,1,1,1,1,1,1,0,1,0,1,0,12,0,0,0,0,0,0,0,0,0,0,0,0,0,0,0,0,0,0,1,1,0,0,0,0,0,2,0,0,0,0,0,0,0,0,0,0,0,0,0,0,0,0
535,0,0,6,0,0,0,0,0,1,1,1,1,0,1,1,1,1,1,1,0,1,1,1,8,27,0,0,0,0,0,0,0,0,0,0,0,0,0,0,0,0,0,0,1,1,0,0,0,0,0,2,1,1,10,0,0,0,0,0,0,0,0,0,0,0,0,12
536,0,1,1,1,0,0,0,0,5,5,5,5,0,5,5,5,2,2,4,0,1,1,2,1,51,0,7,0,0,0,0,0,0,0,1,0,0,0,1,0,0,0,1,3,1,0,0,0,1,0,15,0,0,8,1,1,0,1,0,0,0,0,1,1,1,0,14
537,0,1,3,1,1,1,0,0,3,4,4,4,0,4,4,3,3,3,3,0,3,0,3,4,52,0,4,0,0,0,0,0,0,0,1,1,0,1,0,1,1,1,0,2,2,0,0,0,1,1,16,1,1,6,1,1,1,1,1,0,0,0,0,1,1,0,15
538,1,1,0,0,1,0,1,0,1,1,1,1,0,1,1,1,1,1,1,0,1,0,1,8,24,0,8,0,0,0,0,0,0,0,1,0,0,0,0,0,0,0,0,1,1,0,0,0,0,0,11,0,0,10,0,2,1,1,0,0,0,0,0,0,0,0,14
539,0,1,0,1,1,0,0,0,4,3,1,4,0,4,4,4,3,3,3,0,3,1,3,3,46,0,8,0,0,0,0,0,0,0,0,0,1,0,0,0,0,0,0,1,1,0,0,0,0,1,12,0,1,10,0,2,1,1,0,0,0,0,0,1,0,0,16
540,0,0,0,0,0,0,0,0,3,2,4,4,0,4,4,4,2,2,4,0,4,0,4,1,42,0,3,0,0,0,0,0,0,0,0,0,0,0,0,0,0,0,0,1,1,0,0,0,0,0,5,0,0,3,0,0,0,1,0,0,0,0,0,1,0,0,5
541,1,1,2,0,1,0,1,0,1,2,3,4,0,4,4,4,4,2,3,0,3,0,1,3,44,0,1,1,0,0,0,2,0,0,0,0,0,0,1,0,0,0,0,2,3,0,0,0,1,1,12,0,0,1,0,0,0,1,0,0,0,0,1,1,1,0,5
542,1,0,0,1,1,0,0,0,3,3,3,3,0,3,3,3,2,2,3,0,3,0,3,8,45,0,1,0,0,0,0,0,0,0,0,0,1,0,0,0,0,0,1,2,2,0,0,0,1,1,9,0,0,5,0,0,1,0,0,0,0,0,1,1,1,0,9
543,0,0,1,0,0,0,0,0,4,2,2,2,0,2,2,2,2,2,3,0,2,0,4,1,31,0,1,0,0,0,0,0,0,0,0,0,0,0,0,0,0,0,0,2,1,0,0,0,0,0,4,0,1,1,0,0,0,1,0,0,0,0,1,0,0,0,4
544,0,0,3,0,1,0,0,0,3,4,3,4,0,1,3,3,1,1,4,0,3,1,3,3,41,0,3,1,0,0,0,2,0,1,0,0,0,0,0,0,0,0,0,2,2,0,0,0,0,0,11,0,0,3,0,0,0,1,0,1,0,0,1,1,0,0,7
545,1,0,1,0,1,0,0,0,3,3,3,3,0,3,3,3,2,2,2,0,3,1,3,0,37,0,0,0,0,0,0,0,0,0,0,0,1,0,0,0,0,0,1,2,2,0,0,0,0,0,6,0,1,0,0,0,0,1,0,1,0,0,0,1,0,0,4
546,0,1,6,1,1,0,1,0,5,5,5,5,0,5,5,5,2,2,4,0,4,0,4,8,69,0,8,1,0,1,0,3,1,0,1,1,1,1,0,1,1,0,1,3,3,0,0,0,1,1,29,0,0,10,1,2,1,1,1,1,0,0,1,1,1,0,20
547,0,1,5,1,1,0,0,0,4,4,4,4,0,4,4,3,2,2,3,0,3,0,3,8,56,0,4,1,0,1,0,2,0,1,0,0,0,0,0,0,0,0,0,2,2,0,0,0,0,0,13,0,0,2,1,1,0,0,0,0,0,0,0,0,0,0,4
548,0,0,3,0,1,1,0,0,3,5,5,4,0,3,4,4,1,1,3,0,4,0,4,4,50,0,0,0,0,0,0,0,0,0,0,0,1,0,0,0,0,0,1,2,2,0,0,0,0,0,6,0,0,3,1,2,0,1,0,1,0,0,0,0,0,0,8
549,0,1,6,1,1,1,0,0,5,5,5,5,0,5,5,5,2,3,4,0,4,0,4,8,70,0,8,1,0,1,0,3,1,0,1,1,1,1,1,0,0,1,0,2,2,0,0,0,0,0,24,0,0,10,1,2,1,1,1,1,0,0,0,1,1,0,19
550,0,0,1,0,1,1,0,0,2,3,5,3,0,2,1,3,3,3,3,0,4,1,4,1,41,0,1,0,0,0,0,0,0,0,0,0,0,1,1,0,0,0,1,1,2,0,0,0,1,1,9,0,0,1,0,0,0,1,0,0,0,0,0,1,0,0,3
551,0,0,3,1,1,0,0,0,3,4,4,3,0,3,4,4,2,2,3,0,3,0,3,3,46,0,1,0,0,0,0,0,0,0,0,1,0,0,0,0,0,0,0,2,2,0,0,0,0,0,6,1,0,1,0,2,1,1,1,1,0,0,0,1,1,0,10
552,0,1,3,1,1,1,0,0,4,5,5,5,0,4,5,5,2,2,4,0,4,0,2,6,60,0,7,1,1,0,0,2,0,0,0,1,1,0,0,1,1,1,0,3,2,0,0,0,1,1,23,0,0,8,1,2,1,1,1,1,1,0,0,1,1,0,18
553,0,0,0,0,1,0,0,0,5,5,5,5,0,5,5,5,2,2,3,0,4,1,3,8,59,0,0,0,0,0,0,0,0,0,0,0,1,0,0,0,0,0,0,3,3,0,0,0,0,0,7,0,0,0,0,0,1,1,0,1,0,0,1,1,0,0,5
554,0,1,2,1,1,0,0,0,4,4,4,3,0,4,4,4,2,2,4,0,3,0,3,3,49,0,2,0,0,0,0,0,0,0,1,0,1,0,0,0,0,0,0,2,2,0,0,0,0,0,8,0,0,1,1,2,0,1,0,1,0,0,0,1,0,0,7
555,1,1,1,1,1,0,0,0,1,4,5,5,0,5,5,5,2,2,2,0,4,0,4,8,57,0,3,1,1,1,0,2,0,0,0,1,1,0,0,1,0,0,1,2,2,0,0,0,0,0,16,1,0,10,1,0,1,1,0,1,0,0,1,1,1,0,18
556,0,1,0,1,0,1,0,0,3,5,3,3,0,3,3,3,2,2,2,0,3,1,3,8,47,0,8,1,1,1,1,1,1,1,0,1,0,0,0,0,0,0,1,3,3,0,0,0,0,0,23,0,0,2,1,0,1,1,0,1,0,0,0,0,0,0,6
557,0,0,0,0,1,0,0,0,3,3,3,3,0,3,3,4,2,2,2,0,3,0,3,7,42,0,5,0,0,0,0,0,0,0,0,1,0,0,0,0,0,0,0,2,2,0,0,0,0,0,10,0,0,10,0,2,0,1,0,1,0,0,0,1,0,0,15
558,0,1,3,1,1,0,0,0,3,3,3,3,0,2,4,4,2,2,3,0,3,1,3,5,47,0,4,0,0,0,0,0,0,0,0,1,1,1,0,0,0,0,0,2,1,0,0,0,1,1,12,0,0,6,1,1,0,1,0,1,0,0,1,1,1,0,13
559,0,1,3,1,1,0,0,0,4,4,4,4,0,4,4,4,2,2,3,0,3,1,3,8,56,0,3,1,1,1,0,2,1,1,0,0,1,0,1,1,0,0,1,3,3,0,0,0,0,0,20,0,0,6,1,1,1,1,0,0,0,0,1,1,1,0,13
560,0,1,2,1,1,0,0,0,4,4,4,4,0,4,4,2,2,2,2,0,3,1,3,6,50,0,4,1,1,1,0,3,0,1,1,1,1,0,0,0,0,1,0,2,2,0,0,0,0,0,19,0,0,6,1,1,0,1,0,1,0,0,0,1,1,0,12
561,0,0,0,1,1,0,1,0,3,5,4,4,0,3,3,4,2,2,4,0,3,1,3,5,49,0,4,0,0,0,0,0,0,0,1,1,1,0,0,0,0,1,1,2,2,0,0,0,1,0,14,0,0,6,0,1,0,1,0,1,1,0,0,1,1,0,12
562,0,1,6,1,1,0,0,0,2,4,4,4,0,3,3,4,2,3,1,0,3,0,3,4,49,0,3,0,0,0,0,0,0,0,0,0,0,0,0,0,0,0,0,3,3,0,0,0,0,0,9,0,0,7,0,2,1,1,0,0,0,0,1,1,0,0,13
563,0,0,0,0,1,0,1,0,1,1,1,1,0,1,1,1,1,1,2,0,2,1,2,1,19,0,1,0,0,0,0,0,0,0,0,0,0,0,0,0,0,0,0,1,1,0,0,0,0,0,3,1,1,0,0,0,1,1,0,1,1,0,1,1,0,0,8
564,1,1,1,1,1,0,1,0,1,1,1,1,0,1,1,1,1,1,1,0,1,1,1,1,20,0,0,0,0,0,0,0,0,0,0,0,0,0,0,0,0,0,0,1,1,0,0,0,0,0,2,1,1,5,0,0,1,1,0,1,1,0,1,1,1,0,14
565,0,0,0,0,1,0,0,0,3,3,3,3,0,3,4,3,2,2,2,0,3,0,3,5,40,0,0,0,0,0,0,0,0,0,0,0,0,0,0,0,0,0,0,2,2,0,0,0,0,0,4,1,0,0,0,2,0,1,0,1,0,0,0,1,0,0,6
566,0,1,5,0,1,0,0,0,4,4,4,4,0,4,4,4,1,3,4,0,3,1,3,7,57,0,3,0,0,0,0,0,0,0,0,1,0,0,0,0,0,0,0,2,2,0,0,0,0,0,8,0,0,0,1,1,0,1,0,1,0,0,1,1,1,0,7
567,0,1,2,1,1,0,1,0,4,4,4,4,0,4,4,4,2,1,4,0,3,0,3,1,48,0,5,0,0,0,0,0,0,0,1,1,1,0,0,0,0,1,0,2,2,0,0,0,0,0,13,0,0,5,0,0,1,1,0,1,0,0,0,1,1,0,10
568,0,0,0,0,1,0,0,0,4,3,4,4,0,4,4,4,1,1,4,0,4,0,3,8,49,0,1,0,0,0,0,0,0,0,0,0,1,1,0,0,0,0,0,2,2,0,0,0,1,0,8,1,0,1,1,1,0,0,0,1,0,0,0,1,0,0,6
569,0,1,4,1,1,1,0,0,1,5,5,5,0,5,5,5,3,4,4,0,4,0,4,1,59,0,1,0,0,0,0,0,0,0,1,0,1,1,0,0,0,1,1,2,1,0,0,0,0,0,9,0,0,2,0,0,0,1,0,0,0,0,0,0,0,0,3
570,1,1,0,0,1,0,1,0,1,1,1,1,0,1,1,1,1,1,1,0,1,0,1,4,20,0,5,0,0,0,0,0,0,0,0,0,0,0,0,0,0,0,0,1,1,0,0,0,0,0,7,1,1,3,0,0,0,1,1,0,1,0,0,1,1,0,10
571,0,1,0,0,1,0,1,0,1,1,1,1,0,1,1,1,1,1,1,0,1,0,1,1,16,0,0,0,0,0,0,0,0,0,0,0,0,0,0,0,0,0,0,1,1,0,0,0,0,0,2,1,1,0,0,0,1,1,0,1,1,0,1,1,1,0,9
572,0,0,3,0,0,0,0,0,3,5,5,5,0,5,5,5,4,4,4,0,4,0,4,5,61,0,0,0,0,0,0,0,0,0,0,0,0,0,0,0,0,0,0,1,1,0,0,0,0,0,2,1,1,0,0,0,0,0,0,1,0,0,1,0,0,0,4
573,1,1,0,0,0,0,0,0,1,3,3,3,0,3,3,3,1,1,3,0,2,1,2,7,38,0,0,0,0,0,0,0,0,0,0,0,1,0,0,0,0,0,0,2,2,0,0,0,0,0,5,0,0,0,0,0,0,1,0,1,0,0,1,0,0,0,3
574,0,0,6,1,1,1,0,0,3,4,4,4,0,4,4,4,3,2,4,0,3,0,3,1,52,0,1,0,0,0,0,0,0,0,0,0,0,1,1,0,0,0,1,3,2,0,0,0,1,0,10,1,1,0,0,0,0,0,0,0,0,0,0,0,0,0,2
575,0,0,0,0,0,0,0,0,4,4,4,4,0,3,3,3,2,2,2,0,4,1,3,8,47,0,0,0,0,0,0,0,0,0,0,0,0,0,0,0,0,0,0,3,1,0,0,0,0,0,4,0,0,3,0,0,1,0,1,1,0,0,1,1,0,0,8
576,0,0,3,0,1,0,1,0,5,4,4,5,0,4,4,5,2,2,2,0,3,1,3,8,57,0,0,0,0,0,0,0,0,0,1,1,1,0,0,0,0,1,0,2,2,0,0,0,1,0,9,0,0,0,0,0,1,1,0,1,1,0,1,1,1,0,7
577,0,1,0,1,0,0,0,0,1,4,3,3,0,3,3,3,2,2,2,0,3,1,3,2,37,0,4,0,0,0,0,0,0,0,0,0,0,0,0,0,0,0,0,2,2,0,0,0,1,0,9,1,1,1,0,0,0,1,0,0,0,0,0,0,0,0,4
578,0,0,3,0,1,0,0,0,1,4,5,5,0,5,4,5,2,4,4,0,4,1,4,3,55,0,1,0,0,0,0,0,0,0,0,1,0,0,0,0,0,0,1,3,3,0,0,0,0,0,9,0,0,0,0,0,0,1,0,1,1,0,1,1,0,0,5
579,0,0,3,0,1,0,0,0,4,5,5,5,0,5,5,5,2,2,4,0,4,0,3,6,59,0,0,1,0,1,0,3,0,1,0,1,0,0,0,1,1,0,0,3,3,0,0,0,1,0,16,0,0,0,0,1,1,1,0,1,0,0,0,1,0,0,5
580,0,0,0,0,1,0,0,0,4,5,5,5,0,5,3,3,1,4,4,0,4,0,4,7,55,0,0,0,0,0,0,0,0,0,0,0,0,0,0,0,0,0,0,2,2,0,0,0,0,0,4,1,0,0,1,1,1,1,0,1,0,0,0,1,0,0,7
581,0,1,5,1,1,1,0,0,4,5,5,5,0,5,5,4,2,2,4,0,4,0,4,5,63,0,7,1,1,0,0,1,1,0,1,1,0,0,0,1,1,1,0,2,2,0,0,0,0,0,20,1,0,10,0,1,1,1,0,1,0,0,0,1,1,0,17
582,1,1,4,1,1,0,1,0,5,5,5,5,0,5,5,5,1,1,4,0,4,1,4,0,59,0,0,0,0,0,0,0,0,0,0,1,0,1,1,0,1,0,1,2,2,0,0,0,0,0,9,1,1,0,0,0,0,1,0,1,0,0,1,1,1,0,7
583,0,1,1,1,1,0,0,0,4,4,4,4,0,4,3,3,2,2,3,0,3,0,3,5,48,0,3,0,0,0,0,0,0,0,0,1,1,0,0,0,0,0,0,2,2,0,0,0,0,0,9,0,0,2,1,1,1,1,0,1,0,0,0,1,0,0,8
584,0,0,1,0,1,1,0,0,4,4,4,4,0,4,3,4,2,3,3,0,3,1,3,7,52,0,3,0,0,0,0,0,0,0,0,1,0,0,0,0,0,0,0,2,2,0,0,0,0,0,8,0,0,6,1,2,1,1,0,1,0,0,0,1,1,0,14
585,0,1,3,1,1,0,0,0,4,5,4,4,0,4,4,5,2,2,2,0,3,0,3,3,51,0,5,1,0,1,0,1,0,0,0,1,0,1,1,0,0,0,0,3,2,0,0,0,0,1,17,0,0,4,1,2,1,1,0,1,0,0,0,1,0,0,11
586,0,0,1,0,1,1,0,0,3,5,5,5,0,5,3,3,2,3,4,0,4,0,4,8,57,0,0,0,0,0,0,0,0,0,0,1,0,0,0,1,1,0,0,3,3,0,0,0,0,0,9,1,1,10,0,0,1,1,0,1,0,0,0,1,0,0,16
587,0,1,2,1,1,0,0,0,5,5,5,5,0,5,5,4,2,2,3,0,4,0,4,6,60,0,5,1,1,0,0,3,1,0,1,0,1,1,1,0,0,0,1,2,2,0,0,0,1,0,21,0,0,6,0,2,1,1,1,1,0,0,1,1,1,0,15
588,0,0,3,1,1,0,0,0,2,5,4,4,0,4,4,4,2,2,4,0,3,1,3,3,50,0,3,1,0,1,0,2,1,1,1,1,1,1,1,0,0,1,0,3,3,0,0,0,1,0,22,1,0,4,1,1,0,1,0,0,0,0,1,1,1,0,11
589,0,1,3,1,1,0,0,0,4,4,4,4,0,4,4,5,2,2,3,0,3,0,3,4,52,0,3,1,1,0,0,2,0,0,0,1,0,1,1,0,0,1,0,3,3,0,0,0,0,0,17,0,0,2,1,1,0,1,1,0,0,0,1,1,1,0,9
590,0,0,3,1,1,1,0,0,3,5,4,3,0,3,5,4,2,1,3,0,4,1,3,5,52,0,8,0,0,0,0,0,0,0,1,1,0,0,0,0,0,0,0,2,2,0,0,0,0,0,14,0,0,10,1,0,0,1,0,1,0,0,0,1,1,0,15
591,0,0,0,0,0,0,0,0,3,3,3,3,0,3,3,3,1,1,1,0,3,0,3,0,30,0,0,0,0,0,0,0,0,0,0,0,0,0,0,0,0,0,0,1,1,0,0,0,0,0,2,0,0,0,0,0,1,0,0,1,0,0,0,0,0,0,2
592,0,1,5,1,1,0,0,0,3,4,3,3,0,3,3,4,2,2,3,0,3,1,3,6,51,0,8,1,0,1,0,3,0,0,1,1,1,0,0,0,0,0,0,2,2,0,0,0,0,0,20,0,0,10,1,2,0,1,0,0,0,0,1,1,1,0,17
593,0,1,4,1,0,1,0,0,4,5,5,5,0,5,5,5,2,3,4,0,4,0,3,8,65,0,5,1,0,1,0,2,0,0,0,1,1,0,0,0,0,0,0,2,2,0,0,0,1,1,17,0,0,8,1,1,1,1,1,1,0,0,0,1,1,0,16
594,0,0,1,0,1,0,1,0,4,4,4,4,0,4,4,4,1,2,3,0,3,0,3,0,43,0,0,1,1,1,0,1,0,0,0,1,0,1,1,0,1,0,0,3,2,0,0,0,0,0,13,1,0,0,1,0,1,1,0,1,0,0,0,1,1,0,7
595,0,1,0,0,1,1,0,0,3,4,3,3,0,3,3,4,1,2,2,0,3,1,3,7,45,0,4,0,0,0,0,0,0,0,0,1,0,0,0,0,0,0,0,2,2,0,0,0,0,0,9,0,0,7,0,0,1,1,0,1,1,0,0,1,0,0,12
596,0,1,3,1,1,1,0,0,4,5,5,5,0,5,5,5,2,3,4,0,4,1,4,8,67,0,5,0,0,0,0,0,0,0,1,1,0,1,0,0,0,0,1,3,3,0,0,0,0,0,15,0,0,8,1,1,1,1,1,1,1,0,1,1,1,0,18
597,0,1,0,1,1,0,0,0,4,4,4,4,0,4,4,4,2,3,3,0,3,0,3,3,48,0,5,1,1,1,0,2,1,1,0,1,1,0,0,1,0,0,0,2,2,0,0,0,0,0,19,0,0,9,1,2,1,1,1,1,0,0,0,1,0,0,17
598,0,1,1,1,1,0,0,0,3,4,4,4,0,4,4,4,2,2,3,0,3,1,3,8,53,0,1,0,0,0,0,0,0,0,1,1,0,0,0,0,0,0,0,2,2,0,0,0,1,1,9,0,0,10,1,1,0,1,0,1,0,0,1,1,0,0,16
599,0,1,1,1,1,1,0,0,4,4,4,4,0,4,4,4,2,3,4,0,3,0,3,5,53,0,3,1,1,0,0,1,1,1,1,1,1,1,0,1,0,0,0,2,3,0,0,0,1,0,19,0,0,4,1,2,1,1,1,1,0,0,0,0,0,0,11
600,0,1,4,1,0,1,0,0,4,4,4,4,0,4,4,4,2,2,3,0,3,1,3,8,57,0,4,0,0,0,0,0,0,0,1,1,0,1,1,0,0,0,1,3,3,0,0,0,0,0,15,0,0,7,1,1,1,1,1,1,0,0,1,1,1,0,16
601,0,1,3,1,1,0,0,0,4,5,5,5,0,5,5,5,1,1,2,0,4,0,4,8,60,0,8,1,1,1,0,3,1,0,0,1,0,0,1,0,0,1,0,2,2,0,0,0,0,0,22,0,0,10,1,2,0,1,0,1,0,0,0,0,0,0,15
602,1,1,1,1,1,0,1,0,3,5,5,5,0,3,5,5,4,4,4,0,4,0,4,8,65,0,6,1,1,1,0,1,0,0,0,0,1,1,1,1,1,1,0,3,3,0,0,0,0,0,22,1,0,5,1,2,1,1,1,1,0,0,1,1,1,0,16
603,1,1,1,0,1,0,0,0,3,4,3,3,0,2,2,3,1,2,3,0,3,1,3,1,38,0,0,1,1,0,0,1,1,0,0,1,0,0,0,0,0,0,0,2,2,0,0,0,0,1,10,0,0,1,0,0,0,1,0,1,0,0,0,0,0,0,3
604,0,0,0,0,1,0,1,0,3,3,3,3,0,3,5,4,2,1,3,0,1,0,3,8,44,0,0,0,0,0,0,0,0,0,0,0,0,0,0,0,0,0,0,1,1,0,0,0,0,0,2,1,1,0,0,0,1,1,0,1,1,0,1,1,1,0,9
605,0,1,1,1,1,0,0,0,4,4,4,4,0,4,4,3,1,1,4,0,3,1,3,1,45,0,0,1,0,0,0,1,0,1,0,1,0,0,1,0,0,0,1,2,2,0,0,0,0,0,10,0,0,0,0,0,0,1,0,1,0,0,1,1,0,0,4
606,0,0,2,1,1,0,0,0,3,4,4,4,0,3,3,3,1,2,1,0,3,1,3,4,43,0,4,1,1,1,0,2,0,1,0,0,0,0,0,0,0,0,0,2,2,0,0,0,0,0,14,0,0,4,0,1,1,1,0,1,0,0,0,0,0,0,8
607,0,1,1,1,1,0,0,0,4,5,5,5,0,5,5,5,2,2,4,0,4,0,4,7,61,0,3,0,0,0,0,0,0,0,0,0,0,0,0,0,0,1,0,3,2,0,0,0,0,0,9,1,0,2,1,1,0,1,1,1,0,0,1,0,0,0,9
608,0,0,0,0,1,0,0,0,3,5,5,5,0,5,5,5,1,4,1,0,4,1,4,8,57,0,0,0,0,0,0,0,0,0,0,0,0,0,0,0,0,0,0,2,2,0,0,0,0,0,4,1,0,0,0,0,0,1,0,1,0,0,0,1,0,0,4
609,0,0,0,0,1,0,0,0,5,5,5,5,0,5,5,3,2,4,4,0,4,0,4,8,60,0,0,1,0,0,0,0,0,0,0,0,0,0,0,0,0,0,0,2,2,0,0,0,0,0,5,1,1,0,0,0,0,1,0,0,0,0,1,1,0,0,5
610,0,1,1,0,1,1,1,0,4,4,5,5,0,5,5,4,2,2,4,0,4,0,4,5,58,0,0,1,1,0,0,2,0,0,0,0,1,1,1,0,0,0,0,2,2,0,0,0,0,0,11,0,0,6,1,1,0,1,1,1,0,0,0,1,1,0,13
611,0,0,0,0,1,0,0,0,3,4,4,4,0,3,4,3,2,4,4,0,4,0,4,8,52,0,0,1,0,1,0,0,0,0,0,0,0,0,0,0,0,0,0,3,2,0,0,0,0,0,7,0,0,0,0,0,0,1,0,1,0,0,0,1,0,0,3
612,0,0,0,0,1,0,0,0,4,4,4,4,0,4,3,4,2,2,4,0,3,1,3,8,51,0,0,0,0,0,0,0,0,0,0,0,0,0,0,0,0,0,0,2,2,0,0,0,0,0,4,1,0,0,0,0,0,1,0,1,1,0,1,1,1,0,7
613,0,0,2,0,0,0,0,0,3,4,4,4,0,4,3,4,1,2,2,0,3,0,3,3,42,0,0,0,0,0,0,0,0,0,0,0,0,0,0,0,0,0,0,2,2,0,0,0,0,0,4,0,0,0,1,2,1,0,0,0,0,0,0,1,0,0,5
614,0,0,0,0,1,1,0,0,3,4,4,3,0,3,4,4,1,1,4,0,3,0,3,6,45,0,0,1,0,0,0,2,0,0,0,1,0,0,0,0,0,1,0,2,1,0,0,0,0,0,8,0,0,2,1,2,0,1,0,1,0,0,0,0,0,0,7
615,0,0,0,1,1,0,0,0,3,3,3,4,0,4,4,4,2,1,2,0,3,1,3,1,40,0,0,0,0,0,0,0,0,0,0,0,0,0,0,0,0,0,1,2,2,0,0,0,0,0,5,0,0,2,0,1,0,1,1,0,0,0,0,1,1,0,7
616,0,0,0,0,0,0,0,0,1,1,1,1,0,1,1,1,1,1,1,0,1,0,1,8,20,0,1,0,0,0,0,0,0,0,0,0,0,0,0,0,0,0,0,1,1,0,0,0,0,0,3,1,1,10,0,0,0,0,0,0,1,0,1,1,0,0,15
617,0,1,3,1,0,0,0,0,4,3,3,3,0,4,4,3,1,1,4,0,4,0,3,8,50,0,0,0,0,0,0,0,0,0,0,0,0,0,0,0,0,0,0,1,1,0,0,0,0,0,2,0,0,3,0,2,0,1,0,1,0,0,0,0,0,0,7
618,0,1,0,0,1,0,0,0,3,4,4,4,0,3,3,3,1,2,3,0,3,0,3,2,40,0,0,0,0,0,0,0,0,0,0,0,0,0,0,0,0,0,0,2,2,0,0,0,0,0,4,0,0,0,0,0,1,1,0,1,0,0,0,0,0,0,3
619,0,1,3,0,1,1,0,0,5,5,5,5,0,5,5,5,1,3,4,0,4,0,4,6,63,0,3,1,1,1,0,1,0,1,0,1,0,0,0,1,0,1,0,3,3,0,0,0,0,0,17,0,0,5,1,2,1,1,1,1,1,0,1,1,1,0,16
620,0,0,0,1,1,1,1,0,3,3,3,3,0,3,3,3,1,1,1,0,3,1,3,8,43,0,8,0,0,0,0,0,0,0,0,0,1,1,1,0,0,1,1,2,2,0,0,0,0,0,17,1,1,10,1,2,1,1,1,0,1,0,0,1,0,0,20
621,0,0,0,0,1,0,0,0,4,5,5,5,0,5,5,5,1,4,4,0,3,0,4,8,59,0,0,1,0,0,0,1,1,0,0,0,0,0,0,0,0,0,0,3,3,0,0,0,0,0,9,0,0,0,0,0,0,1,0,0,0,0,0,1,1,0,3
622,0,0,0,0,0,0,0,0,4,4,3,3,0,4,4,4,2,2,4,0,3,0,4,3,44,0,0,0,0,0,0,0,0,0,0,0,0,0,0,0,0,0,0,2,1,0,0,0,0,0,3,0,0,0,0,0,1,1,0,1,1,0,0,0,0,0,4
623,0,0,0,1,1,1,0,0,4,5,5,4,0,3,3,4,3,3,2,0,3,1,3,2,48,0,1,0,0,0,0,0,0,0,1,1,0,0,0,0,0,0,1,2,2,0,0,0,0,0,8,0,0,1,1,1,1,1,0,1,0,0,1,1,1,0,9
624,0,1,2,1,1,0,0,0,3,4,5,5,0,3,4,4,2,2,2,0,3,1,3,4,50,0,2,0,0,0,0,0,0,0,1,1,0,0,0,0,0,1,1,2,2,0,0,0,0,0,10,0,0,0,0,0,0,1,0,0,0,0,1,1,0,0,3
625,0,1,2,1,1,0,0,0,4,5,4,5,0,5,4,4,2,2,4,0,3,0,3,4,54,0,4,1,1,0,0,2,0,1,1,0,1,1,1,0,0,0,0,2,2,0,0,0,0,0,17,0,0,4,1,1,0,1,0,1,0,0,0,0,0,0,8
626,0,1,3,1,0,1,0,0,3,3,3,3,0,3,3,3,2,2,2,0,3,0,3,4,43,0,7,1,0,0,0,2,0,0,1,1,0,1,1,0,0,0,0,2,2,0,0,0,0,0,18,0,0,8,1,2,0,0,1,1,0,0,0,0,0,0,13
627,0,0,0,0,1,0,0,0,3,3,3,3,0,3,3,3,1,2,2,0,3,1,3,8,42,0,0,0,0,0,0,0,0,0,0,0,0,0,0,0,0,0,0,2,2,0,0,0,0,0,4,0,0,0,0,0,0,1,0,0,1,0,0,1,0,0,3
628,1,1,6,1,1,0,0,0,2,5,5,5,0,5,5,5,3,3,4,0,4,0,4,8,68,0,7,1,1,1,0,1,1,1,1,1,1,1,1,1,1,1,0,3,3,0,0,0,1,0,28,1,1,10,1,2,0,1,1,0,0,0,1,1,1,0,20
629,0,0,3,1,0,0,0,0,3,5,5,5,0,5,5,4,2,4,4,0,3,0,3,6,58,0,5,1,0,0,0,2,1,1,1,1,0,0,1,0,0,0,0,3,3,0,0,0,0,1,20,0,0,5,1,1,1,1,0,1,1,0,1,1,1,0,14
630,0,0,0,0,1,0,0,0,3,3,3,3,0,3,3,3,1,2,2,0,4,0,3,6,40,0,1,0,0,0,0,0,0,0,0,1,0,0,1,1,1,0,0,1,1,0,0,0,0,0,7,1,0,10,0,2,0,0,0,0,0,0,0,1,0,0,14
631,0,0,3,1,1,0,0,0,2,5,5,5,0,5,5,5,1,2,4,0,3,1,3,8,59,0,0,0,0,0,0,0,0,0,0,0,0,0,0,0,1,0,0,2,3,0,0,0,0,0,6,0,0,1,0,0,0,1,0,1,0,0,1,1,0,0,5
632,0,0,3,0,1,0,0,0,4,4,4,4,0,4,4,4,2,2,4,0,3,1,3,2,49,0,3,0,0,0,0,0,0,0,0,1,1,0,0,0,0,0,1,3,3,0,0,0,0,0,12,0,0,4,0,1,1,1,0,1,0,0,1,1,1,0,11
633,0,0,1,1,1,1,0,0,2,3,5,3,0,2,3,2,2,1,3,0,4,0,4,0,38,0,2,0,0,0,0,0,0,0,0,0,0,0,0,0,0,0,0,2,2,0,0,0,1,0,7,0,0,5,0,1,0,0,1,0,0,0,0,1,0,0,8
634,0,0,1,0,1,1,0,0,3,5,3,3,0,3,3,3,2,2,3,0,3,1,3,8,48,0,8,0,0,0,0,0,0,0,0,1,0,0,0,0,0,0,1,2,2,0,0,0,0,0,14,0,1,10,1,1,0,1,0,1,0,0,1,1,1,0,18
635,0,1,3,1,1,1,0,0,3,4,4,4,0,3,4,2,1,1,3,0,2,1,2,6,47,0,1,0,0,0,0,0,0,0,0,0,0,0,0,0,0,0,0,2,2,0,0,0,1,1,7,1,1,10,0,2,1,0,1,0,1,0,0,1,1,0,19
636,0,1,0,0,0,0,0,0,5,5,5,5,0,5,5,5,4,4,4,0,4,0,4,0,56,0,1,1,0,0,0,0,0,0,0,0,0,0,0,0,0,0,0,1,3,0,0,0,0,0,6,0,0,1,0,0,1,1,0,0,1,0,0,0,0,0,4
637,0,0,0,0,1,0,0,0,5,5,5,5,0,5,5,5,4,4,4,0,4,0,4,7,63,0,8,0,0,0,0,0,0,0,0,0,0,0,0,0,0,0,1,3,3,0,0,0,1,1,17,0,0,10,0,2,0,1,0,1,1,0,1,0,0,0,16
638,1,0,3,1,1,0,0,0,2,2,5,1,0,5,2,1,2,3,2,0,3,0,3,1,38,0,2,0,0,0,0,0,0,0,0,0,1,1,1,1,1,0,0,1,2,0,0,0,1,0,11,0,0,7,0,1,0,1,0,0,1,0,0,1,0,0,11
639,0,0,0,0,0,0,0,0,3,3,3,3,0,3,3,3,2,2,2,0,2,1,2,1,33,0,1,0,0,0,0,0,0,0,1,0,0,0,0,0,0,0,0,2,3,0,0,0,1,1,9,0,1,2,1,1,0,0,0,0,1,0,0,1,0,0,7
640,1,1,2,0,1,1,0,0,4,4,4,5,0,5,3,2,2,4,4,0,3,0,2,1,49,0,0,0,0,0,0,0,0,0,1,0,0,1,0,1,0,0,0,1,3,0,0,0,0,0,7,1,1,1,0,0,0,0,0,0,0,0,1,1,1,0,6
641,0,1,4,1,1,1,0,0,5,4,4,4,0,4,4,3,2,2,3,0,3,0,3,8,57,0,6,1,0,1,0,2,1,0,0,1,0,1,1,0,0,0,1,2,2,0,0,0,1,0,20,0,0,9,1,2,1,1,1,0,0,0,1,1,1,0,18
642,1,1,2,0,1,0,1,0,1,1,1,2,0,1,3,4,3,2,2,0,3,0,2,1,32,0,1,0,0,0,0,0,0,0,0,0,0,0,0,0,0,0,0,2,2,0,0,0,0,1,6,1,1,1,1,0,0,1,0,0,0,0,0,1,0,0,6
643,0,0,0,0,0,0,0,0,2,2,2,2,0,2,2,2,1,1,1,0,2,0,2,0,21,0,0,0,0,0,0,0,0,0,0,0,0,0,0,0,0,0,0,1,1,0,0,0,0,0,2,0,0,0,0,0,0,0,0,0,0,0,0,0,0,0,0
644,1,1,3,1,0,0,0,0,3,5,3,3,0,4,3,3,2,3,4,0,3,0,3,8,53,0,8,1,1,0,0,1,0,0,0,1,1,1,0,0,0,0,0,2,2,0,0,0,1,0,19,0,0,10,0,1,0,0,1,1,0,0,0,1,1,0,15
645,0,0,0,0,1,0,0,0,3,3,4,4,0,3,3,3,2,2,3,0,3,0,3,7,44,0,0,1,0,1,0,1,0,0,0,0,1,1,1,0,0,0,0,3,2,0,0,0,0,0,11,0,0,0,1,1,1,0,0,1,0,0,1,1,1,0,7
646,0,1,1,1,1,0,0,0,3,3,3,3,0,3,3,3,1,1,1,0,3,1,3,5,40,0,3,0,0,0,0,0,0,0,0,0,0,0,0,0,0,0,1,1,1,0,0,0,0,0,6,0,0,3,0,0,1,1,1,1,0,0,1,0,0,0,8
647,1,0,4,1,1,0,0,0,3,5,5,5,0,3,3,3,1,2,3,0,3,0,3,8,54,0,6,1,0,1,0,1,0,0,0,1,0,0,0,0,0,0,0,2,3,0,0,0,0,0,15,0,0,4,1,2,1,1,0,1,1,0,0,1,0,0,12
648,0,0,1,0,1,0,0,0,4,4,4,4,0,4,4,4,2,2,3,0,3,1,3,1,45,0,0,0,0,0,0,0,0,0,0,1,0,0,0,0,0,1,1,1,3,0,0,0,0,0,7,0,0,1,0,0,0,1,1,0,0,0,1,1,1,0,6
649,1,1,0,0,1,0,0,0,3,5,5,5,0,5,5,5,1,1,4,0,4,0,4,5,55,0,8,1,1,1,0,3,0,0,0,1,0,0,0,0,1,0,0,2,2,0,0,0,0,0,20,1,0,10,1,2,0,1,0,1,0,0,0,1,1,0,18
650,1,1,3,1,1,0,0,0,4,2,2,3,0,1,3,3,1,3,4,0,2,1,1,8,45,0,6,0,0,0,0,0,0,0,1,0,1,0,0,0,0,0,0,2,2,0,0,0,1,0,13,1,0,3,0,1,1,1,1,1,1,0,0,0,0,0,10
651,0,1,4,1,1,0,0,0,3,4,3,3,0,3,5,3,2,2,1,0,3,0,4,8,51,0,3,1,0,0,0,2,0,0,0,0,0,0,0,0,0,1,0,2,2,0,0,0,0,0,11,0,0,5,1,2,1,1,0,1,0,0,0,1,1,0,13
652,0,0,0,0,0,0,0,0,4,4,4,2,0,4,4,4,2,1,1,0,3,0,4,1,38,0,0,0,0,0,0,0,0,0,0,0,0,0,0,0,0,0,1,1,1,0,0,0,0,0,3,0,0,2,0,1,0,0,0,0,0,0,0,0,0,0,3
653,0,0,0,0,1,0,0,0,3,3,4,4,0,4,4,4,2,2,4,0,3,1,3,5,47,0,1,0,0,0,0,0,0,0,0,0,0,0,1,0,0,0,0,3,1,0,0,0,1,1,8,0,0,1,0,0,0,1,0,0,0,0,0,1,0,0,3
654,1,1,5,1,1,0,0,0,2,4,4,4,0,4,4,4,2,2,3,0,3,1,3,8,57,0,5,0,0,0,0,0,0,0,0,1,1,0,1,0,0,1,1,3,2,0,0,0,0,0,15,0,0,5,1,1,0,1,1,1,1,0,1,0,0,0,12
655,0,1,2,1,1,0,0,0,5,3,3,3,0,5,5,3,1,1,2,0,3,0,4,5,48,0,5,1,0,0,0,2,0,0,1,1,0,0,0,0,0,0,0,2,2,0,0,0,0,0,14,0,0,3,0,0,0,1,0,1,0,0,0,1,0,0,6
656,0,0,4,1,0,0,0,0,4,5,5,5,0,5,5,5,3,3,4,0,3,1,4,7,64,0,8,1,1,1,0,1,1,1,0,0,1,1,1,1,1,0,1,3,3,0,0,0,1,1,28,0,0,10,1,2,1,1,0,1,0,0,1,1,1,0,19
657,0,1,1,1,1,0,0,0,3,4,4,4,0,4,4,3,2,2,4,0,3,1,3,3,48,0,4,1,0,1,0,1,1,1,0,1,0,0,0,0,0,0,1,2,2,0,0,0,0,0,15,0,0,4,1,2,0,1,1,1,0,0,0,1,1,0,12
658,0,0,0,0,1,0,0,0,4,4,5,5,0,5,5,5,4,4,4,0,2,0,4,0,52,0,1,1,1,0,0,0,0,0,1,1,1,1,1,1,1,1,1,3,3,0,0,0,1,1,20,1,1,1,0,0,0,1,0,1,1,0,1,1,1,0,9
659,0,0,4,0,0,0,0,0,3,5,4,4,0,3,3,4,1,1,4,0,3,0,3,5,47,0,0,0,0,0,0,0,0,0,0,1,0,0,0,0,0,0,0,3,3,0,0,0,0,0,7,0,0,0,1,2,0,1,1,1,0,0,0,1,0,0,7
660,0,1,0,1,1,1,0,0,4,4,4,4,0,4,4,4,2,2,4,0,3,0,4,5,52,0,3,1,1,1,0,3,1,0,0,1,1,0,0,0,0,1,0,2,2,0,0,0,0,0,17,0,0,4,1,2,0,1,0,1,0,0,1,0,0,0,10
661,0,1,2,0,1,0,0,0,3,4,4,4,0,3,3,4,2,2,4,0,3,1,3,8,52,0,0,1,0,0,0,2,0,0,0,0,0,0,0,0,0,0,0,3,3,0,0,0,0,0,9,0,0,0,0,2,0,1,0,1,0,0,1,1,1,0,7
662,1,1,4,1,0,1,0,0,5,5,5,5,0,5,5,5,1,1,4,0,4,0,4,5,62,0,0,1,1,1,0,2,0,1,0,1,1,0,0,0,0,0,0,2,2,0,0,0,0,0,12,0,0,5,1,1,1,0,0,1,1,0,0,1,1,0,12
663,1,1,4,1,0,1,0,0,5,5,5,5,0,5,5,5,1,2,4,0,4,0,4,4,62,0,4,1,0,1,0,1,0,1,0,1,1,0,0,0,0,0,0,2,2,0,0,0,0,0,14,0,0,5,1,1,1,0,0,1,0,0,0,1,1,0,11
664,0,0,0,0,1,0,1,0,3,3,3,5,0,3,3,3,1,1,4,0,3,0,3,2,39,0,0,0,0,0,0,0,0,0,0,1,0,0,0,0,0,0,0,2,2,0,0,0,0,0,5,0,0,0,0,0,0,1,0,1,1,0,0,1,0,0,4
665,1,0,5,1,1,0,0,0,3,4,4,4,0,4,4,4,2,2,3,0,4,0,3,8,57,0,6,1,1,0,1,3,0,0,1,1,0,1,1,0,0,0,0,2,2,0,0,0,1,1,22,0,0,3,0,2,0,1,0,1,0,0,0,1,1,0,9
666,0,0,4,1,1,0,0,0,3,4,4,3,0,4,4,3,2,2,2,0,3,1,3,5,49,0,0,0,0,0,0,0,0,0,1,1,0,1,1,0,0,0,1,2,2,0,0,0,0,0,9,0,0,5,1,2,1,1,0,1,0,0,1,1,1,0,14
667,0,1,6,1,1,0,1,0,4,4,4,5,0,4,4,4,3,2,3,0,3,1,3,4,58,0,2,1,0,1,0,2,1,1,1,1,0,0,0,1,1,0,1,2,3,0,0,0,0,0,18,1,0,6,1,2,1,1,0,0,0,0,1,1,1,0,15
668,0,0,0,0,0,0,0,0,4,4,4,4,0,4,4,3,2,3,4,0,4,1,3,8,52,0,0,0,0,0,0,0,0,0,0,1,0,0,0,0,1,0,1,2,2,0,0,0,0,0,7,1,0,0,0,2,0,1,0,1,0,0,0,1,0,0,6
669,0,1,2,0,1,0,0,0,4,5,4,4,0,4,4,4,2,2,2,0,3,1,3,4,50,0,8,0,0,0,0,0,0,0,0,1,0,0,0,0,0,1,1,3,3,0,0,0,0,0,17,0,0,0,0,0,0,1,0,1,0,0,0,1,0,0,3
670,0,1,2,1,1,0,0,0,4,4,4,4,0,4,4,4,2,2,2,0,3,0,4,1,47,0,0,0,0,0,0,0,0,0,1,1,0,0,0,0,1,1,0,3,3,0,0,0,0,1,11,0,0,1,0,1,0,0,1,0,0,0,1,1,1,0,6
671,1,1,2,1,1,0,0,0,2,1,2,2,0,2,3,2,2,1,1,0,2,0,2,1,29,0,1,0,0,0,0,0,0,0,0,0,0,0,0,0,0,0,0,2,2,0,0,0,0,0,5,1,1,0,0,0,1,0,0,0,0,0,0,1,0,0,4
672,0,1,3,1,0,1,0,0,4,5,5,5,0,5,5,4,2,2,4,0,3,0,3,4,57,0,6,1,1,1,0,2,0,0,1,1,0,0,0,1,1,0,0,3,3,0,0,0,1,1,23,1,0,6,1,1,1,1,1,1,0,0,0,1,1,0,15
673,0,1,2,0,1,0,0,0,4,4,4,4,0,4,4,4,4,3,4,0,3,0,3,4,53,0,1,1,1,1,0,1,1,0,0,0,0,0,0,1,1,1,0,3,3,0,0,0,1,1,17,0,0,2,1,1,0,1,1,0,0,0,1,1,0,0,8
674,0,1,4,1,1,0,0,0,4,4,4,4,0,4,4,3,2,2,1,0,3,1,3,4,50,0,4,1,1,1,0,2,1,1,0,1,0,0,0,0,0,0,1,2,2,0,0,0,0,0,17,0,0,6,1,1,0,1,0,1,0,0,1,1,1,0,13
675,0,0,1,0,1,0,1,0,1,1,2,3,0,1,3,2,2,1,2,0,1,1,2,1,26,0,1,0,0,0,0,0,0,0,1,0,1,0,0,0,0,0,0,1,2,0,0,0,0,0,6,1,0,1,0,0,0,0,0,0,1,0,0,1,0,0,4
676,0,1,5,1,1,1,0,0,2,5,4,4,0,4,3,4,1,1,3,0,3,0,3,4,50,0,1,1,1,0,0,2,0,0,0,1,0,0,0,0,0,0,0,1,1,0,0,0,0,0,8,0,0,1,0,1,0,1,1,0,0,0,0,1,1,0,6
677,0,1,3,1,1,0,0,0,4,5,5,5,0,5,5,4,2,2,4,0,3,0,4,6,60,0,5,1,0,1,0,3,1,1,1,0,0,1,1,1,1,1,0,2,2,0,0,0,1,1,24,1,0,6,1,2,1,1,0,1,0,0,0,1,1,0,15
678,0,1,2,1,1,0,1,0,4,4,4,4,0,4,4,4,2,2,4,0,3,1,3,2,51,0,3,1,1,1,1,3,1,0,1,1,0,1,1,0,0,1,1,3,3,0,0,0,1,1,25,0,0,2,0,1,1,1,0,1,1,0,1,1,1,0,10
679,0,1,3,1,1,1,0,0,4,4,4,4,0,4,4,4,2,2,2,0,3,0,3,8,55,0,5,1,0,1,0,3,1,0,0,1,1,1,1,0,0,1,0,3,1,0,0,0,1,0,21,0,0,7,1,1,1,1,1,1,1,0,0,1,1,0,16
680,0,1,4,1,1,1,1,0,4,5,4,4,0,4,4,4,2,3,4,0,3,0,3,8,61,0,4,1,0,0,0,3,1,1,1,1,0,0,1,0,0,0,0,2,2,0,0,0,1,1,19,0,0,4,1,2,1,1,0,1,1,0,1,1,1,0,14
681,0,1,5,1,1,0,1,0,5,5,5,5,0,5,5,5,1,1,4,0,4,0,4,8,66,0,0,1,0,0,0,1,0,0,0,1,0,1,1,0,0,1,0,3,1,0,0,0,1,0,11,0,0,2,1,2,0,1,1,1,1,0,0,1,0,0,10
682,0,1,0,1,1,1,0,0,5,5,4,5,0,5,5,4,2,2,3,0,4,1,4,3,56,0,2,1,0,1,1,1,1,0,0,1,0,1,1,0,0,1,0,2,2,0,0,0,0,0,15,1,1,2,1,1,1,1,0,1,0,0,1,1,1,0,12
683,0,1,0,1,1,0,1,0,3,4,4,4,0,4,4,4,2,2,2,0,3,1,3,3,47,0,1,0,0,0,0,0,0,0,0,0,0,0,0,0,0,0,1,3,2,0,0,0,0,0,7,0,0,5,1,1,1,1,0,1,0,0,1,1,1,0,13
684,1,1,2,1,1,0,0,0,2,5,4,4,0,5,5,4,2,2,4,0,3,0,3,4,53,0,4,1,0,0,0,1,0,1,0,0,0,0,0,0,0,0,0,3,2,0,0,0,1,0,13,0,1,4,1,1,0,1,0,1,0,0,0,1,0,0,10
685,0,1,4,0,1,0,0,0,4,4,4,4,0,4,4,4,1,1,2,0,3,1,3,8,53,0,2,1,0,1,0,1,1,1,0,0,0,0,0,0,0,0,0,2,2,0,0,0,0,0,11,0,0,1,0,0,1,1,0,1,0,0,0,1,0,0,5
686,0,1,2,0,1,0,0,0,3,4,3,4,0,4,4,3,2,2,2,0,3,0,3,5,46,0,3,1,1,1,0,3,0,1,0,0,0,0,0,1,0,1,0,2,2,0,0,0,1,0,17,0,0,3,1,1,0,1,0,1,0,0,1,1,1,0,10
687,0,1,2,0,1,1,1,0,4,5,5,4,0,5,5,4,2,2,3,0,3,1,3,5,57,0,3,1,0,0,0,1,0,0,0,1,0,0,0,0,1,0,0,3,3,0,0,0,0,0,13,1,1,3,1,2,0,1,0,1,0,0,0,1,1,0,12
688,1,0,1,0,1,0,0,0,4,4,4,4,0,4,4,4,2,2,2,0,3,0,3,6,49,0,3,0,0,0,0,0,0,0,0,1,0,0,0,0,0,1,0,3,2,0,0,0,1,1,12,0,0,0,0,1,1,1,0,0,0,0,0,1,1,0,5
689,0,1,4,1,1,0,0,0,4,4,4,4,0,4,4,4,2,2,2,0,3,0,3,4,51,0,5,1,1,1,0,2,1,1,0,0,0,1,1,0,0,1,0,2,2,0,0,0,1,1,21,0,0,5,1,1,1,1,1,1,1,0,0,1,1,0,14
690,0,1,2,1,1,0,1,0,3,4,4,4,0,4,4,3,2,1,2,0,3,0,3,8,51,0,4,1,0,1,0,1,0,0,1,1,0,1,1,0,0,0,0,2,2,0,0,0,0,0,15,0,0,6,0,1,1,1,0,1,1,0,0,1,1,0,13
691,0,1,0,1,1,1,0,0,4,5,5,5,0,5,4,4,1,2,2,0,3,1,3,8,56,0,2,0,0,0,0,0,0,0,0,1,0,0,0,1,1,1,1,3,2,0,0,0,0,0,12,0,0,4,1,1,1,1,0,1,0,0,0,1,1,0,11
692,0,1,2,1,0,1,0,0,3,5,4,4,0,4,5,4,2,2,3,0,3,0,4,4,52,0,2,1,1,0,0,3,1,1,0,1,0,1,1,0,0,0,0,2,2,0,0,0,0,1,17,0,0,2,0,1,1,0,0,1,0,0,0,1,0,0,6
693,0,1,4,1,1,0,0,0,2,5,5,5,0,5,5,3,1,2,3,0,4,0,3,7,57,0,4,1,0,0,0,3,0,1,0,0,0,0,0,1,0,0,0,2,2,0,0,0,0,0,14,0,0,7,1,1,0,1,0,0,0,0,1,1,0,0,12
694,0,1,3,1,1,0,0,0,5,5,5,5,0,5,5,5,4,2,3,0,4,0,4,4,62,0,4,1,1,0,1,1,1,0,0,1,1,0,0,0,0,1,1,2,2,0,0,0,1,1,19,1,1,3,1,1,1,0,0,1,0,0,1,1,1,0,12
695,0,1,3,1,1,0,0,0,4,4,4,4,0,4,4,4,2,1,4,0,3,0,3,6,53,0,4,1,1,1,0,1,0,0,1,1,1,1,1,0,0,0,0,2,2,0,0,0,1,0,18,0,0,2,0,1,1,1,1,1,1,0,0,0,0,0,8
696,0,1,2,1,1,0,0,0,2,4,3,3,0,3,2,4,2,2,2,0,2,0,3,5,42,0,5,1,1,0,0,1,0,1,0,0,0,1,1,1,0,0,0,2,2,0,0,0,0,0,16,0,0,9,0,1,1,1,0,1,0,0,0,1,1,0,15
697,0,1,0,1,1,0,0,0,2,3,3,3,0,3,3,3,2,2,2,0,3,0,3,6,41,0,6,1,1,0,0,1,0,0,0,0,0,1,1,1,0,1,0,2,2,0,0,0,0,0,17,0,0,6,1,1,1,1,0,1,0,0,0,1,1,0,13
698,0,0,5,1,1,0,0,0,4,5,5,5,0,5,5,5,1,1,1,0,4,0,4,8,60,0,4,1,1,0,0,3,0,0,0,1,0,0,0,1,0,1,0,3,2,0,0,0,0,0,17,0,0,10,1,2,1,1,1,1,0,0,0,1,0,0,18
699,0,1,2,1,1,1,1,0,5,5,5,5,0,5,5,5,4,4,4,0,4,1,4,3,66,0,5,1,0,1,0,2,1,0,0,1,0,1,1,0,0,1,1,3,2,0,0,0,1,1,22,0,0,2,1,1,1,1,1,1,1,0,1,1,1,0,12
700,0,1,3,1,1,1,0,0,3,3,3,3,0,4,4,4,2,3,3,0,3,0,3,8,53,0,5,1,1,1,0,2,0,0,1,1,0,0,1,0,0,1,0,2,2,0,0,0,0,0,18,0,0,3,0,1,0,1,0,1,0,0,0,1,1,0,8
701,0,1,4,0,1,1,0,0,4,4,4,4,0,4,4,4,2,3,3,0,4,0,3,6,56,0,2,1,0,1,0,0,0,0,0,0,0,0,0,0,0,1,1,3,3,0,0,0,1,1,14,1,1,7,1,1,1,1,1,1,0,0,0,1,1,0,17
702,0,0,4,1,1,0,0,0,4,3,5,5,0,5,5,5,2,1,2,0,1,0,4,2,50,0,0,0,0,0,0,0,0,0,1,0,1,0,0,0,0,0,0,2,2,0,0,0,1,0,7,0,1,2,0,0,0,0,0,1,0,0,0,1,1,0,6
703,0,1,0,1,1,0,0,0,4,5,5,4,0,4,4,4,1,2,2,0,3,0,3,6,50,0,5,1,0,1,0,2,1,1,0,1,0,0,0,0,0,1,0,2,2,0,0,0,1,0,18,1,0,3,1,1,1,1,0,1,0,0,1,1,0,0,11
704,0,1,0,1,0,0,1,0,5,5,5,5,0,5,5,5,1,4,4,0,4,0,4,8,63,0,6,1,0,1,0,2,1,1,0,1,1,1,1,1,1,0,0,3,3,0,0,0,0,0,24,1,0,7,1,1,1,0,1,1,1,0,1,1,1,0,17
705,0,1,3,0,1,1,0,0,4,4,4,4,0,4,4,4,1,2,4,0,3,1,3,8,56,0,0,1,1,0,0,3,0,0,0,1,1,0,0,1,1,1,1,3,3,0,0,0,0,0,17,1,1,0,0,2,1,1,0,1,0,0,1,1,1,0,10
706,0,0,2,1,0,1,0,0,5,4,4,4,0,4,4,4,2,2,4,0,3,0,3,5,52,0,2,0,0,0,0,0,0,0,0,0,0,0,1,0,0,0,0,2,2,0,0,0,1,1,9,0,1,2,0,1,1,0,0,1,0,0,1,1,1,0,9
707,0,0,0,0,1,0,0,0,5,5,5,5,0,5,5,5,1,2,4,0,4,0,4,1,52,0,0,1,0,1,0,2,0,0,0,0,1,1,1,0,0,0,0,1,2,0,0,0,0,0,10,1,0,1,0,0,0,1,0,1,0,0,0,1,1,0,6
708,1,1,1,1,1,1,0,0,5,5,5,5,0,5,5,5,2,2,1,0,3,0,4,4,57,0,5,1,1,0,0,1,0,0,1,1,0,0,0,0,0,0,0,2,2,0,0,0,0,0,14,0,0,5,1,2,1,1,0,1,0,0,0,1,1,0,13
709,0,0,4,1,0,0,0,0,4,4,5,4,0,4,4,2,2,1,4,0,4,1,3,8,55,0,4,1,1,0,0,2,0,1,0,1,0,0,0,0,0,0,0,3,2,0,0,0,0,0,15,1,1,6,1,1,1,1,1,1,0,0,1,1,1,0,17
710,0,0,2,0,0,0,0,0,2,4,5,5,0,5,4,3,1,2,1,0,3,0,3,4,44,0,4,1,0,1,0,2,0,0,1,0,0,0,0,1,1,0,0,2,2,0,0,0,0,0,15,1,0,2,0,1,1,0,0,1,0,0,0,0,0,0,6
711,0,0,0,0,1,0,0,0,3,4,4,4,0,4,4,4,1,1,4,0,3,1,3,5,46,0,0,0,0,0,0,0,0,0,0,0,0,0,0,0,0,0,0,2,2,0,0,0,0,0,4,0,0,0,1,0,0,1,0,1,0,0,1,1,1,0,6
712,0,1,1,1,1,0,0,0,4,4,3,3,0,3,4,4,1,1,2,0,2,1,3,5,44,0,0,1,0,0,1,1,1,1,0,0,1,0,0,0,0,0,1,2,2,0,0,0,0,0,11,0,1,1,0,0,0,0,0,0,0,0,0,0,0,0,2
713,0,1,3,1,1,1,0,0,4,4,4,4,0,4,4,4,2,1,3,0,3,1,3,5,53,0,3,1,1,1,0,2,1,1,1,1,0,1,1,0,0,0,0,3,3,0,0,0,1,0,21,0,0,7,1,1,0,1,0,1,1,0,1,1,1,0,15
714,0,1,1,0,1,1,0,0,3,3,3,3,0,3,3,3,2,2,3,0,3,0,3,5,43,0,2,1,1,0,0,3,1,0,0,1,1,0,0,0,1,0,0,2,2,0,0,0,1,1,17,0,0,5,1,2,1,1,1,1,0,0,1,1,1,0,15
715,0,1,1,1,1,0,0,0,4,5,5,5,0,5,5,5,4,4,4,0,4,1,4,8,67,0,3,1,1,1,0,3,1,0,0,1,0,1,1,1,1,1,0,3,2,0,0,0,1,1,23,1,0,5,1,1,1,1,1,1,0,0,1,1,1,0,15
716,0,1,0,1,1,1,0,0,5,4,4,4,0,4,4,4,2,2,3,0,3,0,3,8,54,0,3,1,0,0,0,1,1,1,0,1,0,0,0,0,0,0,0,3,2,0,0,0,0,0,13,0,0,4,1,2,1,1,0,1,0,0,1,1,0,0,12
717,0,1,2,1,1,0,0,0,4,4,4,4,0,4,4,4,2,2,3,0,3,1,3,5,52,0,2,1,1,0,0,1,1,1,0,0,1,1,1,0,0,0,1,2,2,0,0,0,0,0,15,0,0,3,1,2,0,1,0,0,0,0,0,0,0,0,7
718,0,1,2,1,1,1,0,0,4,4,4,4,0,4,4,4,2,1,3,0,3,1,3,3,50,0,4,1,1,1,0,2,1,1,1,1,0,0,1,0,0,0,0,3,3,0,0,0,0,0,20,0,0,4,1,1,0,1,1,1,1,0,1,1,1,0,13
719,0,0,3,1,1,0,0,0,3,4,4,4,0,4,3,4,2,2,2,0,3,0,3,3,46,0,0,0,0,0,0,0,0,0,0,0,0,0,1,0,0,0,0,1,2,0,0,0,0,0,4,0,0,0,0,1,0,1,0,1,0,0,1,1,1,0,6
720,0,1,4,1,1,0,0,0,3,4,4,4,0,4,4,3,1,1,1,0,3,0,3,4,46,0,8,1,0,1,0,3,1,0,0,0,0,0,0,0,0,0,0,2,2,0,0,0,0,0,18,0,0,10,1,2,0,1,0,1,0,0,0,1,0,0,16
721,1,1,0,0,1,0,0,0,2,3,5,2,0,2,2,2,2,2,2,0,1,0,3,1,32,0,1,0,0,0,0,0,0,0,0,0,0,0,0,0,0,0,0,2,2,0,0,0,0,0,5,1,1,1,0,0,0,1,0,0,0,0,1,1,1,0,7
722,0,0,1,1,1,1,1,0,5,4,4,4,0,4,3,3,2,2,3,0,3,0,3,3,48,0,5,1,1,0,1,3,1,1,1,1,1,1,1,0,0,0,0,3,2,0,0,0,0,0,23,0,0,6,1,2,1,1,1,1,1,0,1,1,1,0,17
723,0,1,3,1,1,0,0,0,4,4,4,4,0,4,4,4,2,2,4,0,4,1,3,7,57,0,2,1,1,1,0,2,0,0,0,1,1,1,1,0,1,0,0,3,3,0,0,0,1,1,20,1,0,2,1,2,1,1,0,1,0,0,1,1,1,0,12
724,0,1,5,1,1,0,0,0,3,4,4,4,0,4,4,3,1,1,2,0,3,0,3,4,48,0,8,1,0,1,0,3,0,0,0,0,0,0,0,0,0,0,0,2,2,0,0,0,0,0,17,0,0,10,1,2,1,1,0,1,0,0,0,1,0,0,17
725,0,1,3,0,1,1,0,0,3,4,4,4,0,4,4,3,2,1,3,0,3,1,4,3,49,0,3,1,0,1,0,2,0,0,0,1,0,1,1,1,1,0,0,2,2,0,0,0,0,0,16,0,0,1,1,1,1,1,1,1,0,0,0,1,0,0,8
726,0,1,3,1,1,0,0,0,5,5,4,4,0,4,3,3,2,2,3,0,3,0,4,7,55,0,0,0,0,0,0,0,0,0,0,0,0,0,0,0,0,0,0,2,2,0,0,0,0,0,4,1,0,0,0,0,1,1,0,1,0,0,1,1,0,0,6
727,0,0,0,1,0,0,0,0,5,4,4,4,0,5,4,4,2,3,1,0,4,0,3,8,52,0,0,0,0,0,0,0,0,0,0,1,0,0,0,0,0,0,0,2,3,0,0,0,0,0,6,0,0,0,0,2,0,0,0,1,0,0,1,1,0,0,5
728,0,1,2,1,0,0,0,0,4,5,4,4,0,4,2,5,2,2,2,0,3,0,3,7,51,0,2,1,1,1,0,2,1,1,0,0,0,0,0,1,1,0,0,2,2,0,0,0,0,1,16,1,0,4,1,1,1,0,0,1,0,0,1,1,1,0,12
729,0,1,2,1,1,0,0,0,2,4,4,3,0,3,3,4,2,2,1,0,3,1,3,4,44,0,2,1,0,0,0,3,0,1,0,0,0,1,1,1,1,0,0,2,2,0,0,0,1,0,16,1,0,3,0,1,1,1,0,1,1,0,1,1,1,0,12
730,0,1,3,1,1,0,0,0,1,1,4,4,0,3,4,4,2,1,3,0,4,0,4,0,41,0,6,1,0,1,0,3,0,1,1,1,0,0,0,0,0,1,0,2,2,0,0,0,1,0,20,0,0,6,1,2,0,1,0,1,0,0,0,1,0,0,12
731,0,1,3,1,1,1,0,0,5,5,5,5,0,5,5,3,2,2,4,0,4,0,4,3,59,0,3,1,0,1,0,2,1,1,0,1,0,0,0,1,1,0,0,2,2,0,0,0,0,1,17,1,0,1,0,1,1,1,0,1,0,0,0,1,1,0,8
732,0,0,4,1,1,0,0,0,4,4,4,4,0,4,4,4,2,2,3,0,3,0,3,4,51,0,0,0,0,0,0,0,0,0,0,0,0,0,0,0,0,0,0,2,2,0,0,0,0,0,4,0,0,2,0,0,0,1,0,1,0,0,0,1,0,0,5
733,0,1,3,1,1,1,0,0,4,4,4,4,0,4,4,4,2,1,3,0,3,1,3,6,54,0,5,0,0,0,0,0,0,0,0,1,0,0,0,0,0,1,1,2,2,0,0,0,0,0,12,0,0,2,0,2,0,1,0,1,0,0,1,0,0,0,7
734,0,0,2,1,1,0,0,0,4,4,4,4,0,4,4,4,2,1,1,0,3,1,3,4,47,0,3,0,0,0,0,0,0,0,0,0,1,0,0,0,0,1,1,2,2,0,0,0,0,0,10,0,0,2,0,2,1,1,0,1,0,0,0,0,0,0,7
735,0,0,1,1,1,0,1,0,3,4,4,4,0,4,4,4,2,2,2,0,3,0,3,8,51,0,5,1,1,1,0,3,1,1,0,1,0,1,1,0,0,1,0,2,2,0,0,0,1,1,23,0,0,4,0,2,1,1,1,1,1,0,0,0,0,0,11
736,0,0,0,0,1,0,0,0,4,5,5,5,0,5,5,5,2,2,4,0,4,1,4,7,59,0,3,0,0,0,0,0,0,0,0,0,1,1,0,0,0,0,0,3,3,0,0,0,1,1,13,1,1,1,1,2,1,1,0,0,0,0,0,0,0,0,8
737,0,1,1,1,1,1,0,0,4,4,4,4,0,4,4,4,2,2,2,0,3,0,3,4,49,0,3,1,1,0,0,1,0,0,1,0,0,0,1,0,1,1,0,3,1,0,0,0,0,1,15,0,0,3,1,0,0,1,1,1,0,0,1,1,0,0,9
738,1,1,2,1,1,0,0,0,1,5,5,5,0,5,5,2,3,3,4,0,3,1,4,8,60,0,6,1,1,1,0,3,1,1,1,0,1,1,1,1,1,0,0,3,3,0,0,0,1,1,28,1,1,10,1,2,0,1,1,1,0,0,0,1,1,0,20
